0	CEEAF
1	CECCA
2	EGTCE
3	ACFCC
4	AAGCA
5	TCEFA
6	ACECC
7	FCEEA
8	FFTAA
9	ACCGT
10	FEGGA
11	AFEFE
12	EEAFE
13	CCAFF
14	FEEGC
15	ATCAT
16	ACTGE
17	ETFFE
18	ATTFF
19	FEEAE
20	AGAFF
21	FEGGC
22	AEECA
23	CTCGC
24	FEAAE
25	GCACA
26	AAETE
27	ATAEC
28	AEEAG
29	GAATA
30	FAEFC
31	ACCEG
32	CAGEG
33	ACFCG
34	AFTFA
35	FECAC
36	AFGAT
37	FATCA
38	FTGAC
39	AFTGC
40	CACGC
41	FGTFC
42	CCCCG
43	CGECE
44	CAEGE
45	AATFE
46	ATGTC
47	CTEAF
48	TGGAA
49	AECCT
50	FAACC
51	CAFAC
52	AGETE
53	CTGAF
54	CEFTE
55	ATATC
56	AFAAE
57	FCAAE
58	FCCCA
59	EFCCE
60	CGGGA
61	CGEGF
62	CAEAA
63	CTGAA
64	ATCCG
65	EFCCA
66	ACGEE
67	FTCGA
68	EAFTA
69	FAACA
70	AACFC
71	CEAAC
72	TCEAA
73	CCTFG
74	CGCTC
75	CTTCE
76	ATACE
77	CGACE
78	EETTA
79	FEFGA
80	CEACA
81	FGFAC
82	EAGTA
83	CCATE
84	FTTTA
85	AEECG
86	ACCAA
87	CAAEA
88	CAAGE
89	ETFTE
90	EGFFE
91	EAECC
92	CEETA
93	AFCGE
94	AAEGF
95	FAGTC
96	AGTAT
97	FCEGE
98	ATGEC
99	GGECC
100	GCGCC
101	ATCTG
102	FCGTC
103	AAFGE
104	FCCTA
105	CAFTC
106	EATAA
107	AFECT
108	CCEAA
109	ATCCF
110	AAEAA
111	CCEGA
112	FACEA
113	FGCCC
114	AGTFE
115	FFFTA
116	EFAFE
117	ACFFC
118	GCTFA
119	ACGAG
120	CFGAE
121	AFEGG
122	GACTC
123	AAATE
124	AEFAT
125	CGAEC
126	ETACE
127	FTEGC
128	FTGFA
129	AGEGG
130	FCFAE
131	CCECC
132	AFAGG
133	EFEFE
134	CCTEC
135	AFGTE
136	EFGAF
137	EEETA
138	AFGCF
139	ECGFA
140	ATETG
141	ECCCC
142	EFFCF
143	EAGGE
144	AFFAC
145	AFGAF
146	AATGF
147	CTFCF
148	AFCTF
149	ECFGC
150	CAGAC
151	FTTEA
152	CFCGC
153	CAGGG
154	FCTCA
155	EFTGE
156	EFAEF
157	EECEF
158	CGTEE
159	ECFCC
160	AGAEC
161	GAEAA
162	FAFEA
163	CGECC
164	TETAA
165	CGECG
166	CTTTC
167	CCFEC
168	GTAEA
169	AGACG
170	FCEFC
171	ATGTE
172	CEGCF
173	TAATA
174	GEGEC
175	CAAAF
176	ACFET
177	CATTF
178	EFAFC
179	AEEAF
180	CTCGE
181	AFAAT
182	FECGA
183	ATATG
184	ETCGC
185	AGTCE
186	EECTC
187	EGTAF
188	AFGTA
189	CAATF
190	AEGEC
191	GEFEA
192	ETCFC
193	AFTFE
194	CGFCF
195	FGGAC
196	GFTGA
197	CFCEE
198	TCACA
199	ACCEF
200	EEEFF
201	EFEGA
202	AFCET
203	EFCEC
204	CAAGA
205	TAFEA
206	AGTCC
207	EGAFA
208	CTEFA
209	ATGTA
210	ECGCC
211	AGTTC
212	TACAA
213	EEAFA
214	AATTC
215	EGGGA
216	GECEA
217	ATCGC
218	EAGCF
219	CECGF
220	AAFEA
221	AGAAG
222	AFATF
223	ECTTC
224	TAAGA
225	ACFEC
226	CFTEE
227	EGCEA
228	CEATE
229	ACGAT
230	FEATC
231	AEEFE
232	FCGFA
233	AGCCF
234	AGTTA
235	AFAFC
236	CCGGE
237	AFCAT
238	CGFAA
239	CCGGC
240	CECFE
241	CAEGA
242	CGATA
243	CETEA
244	CCAFG
245	CAEFC
246	EAEEF
247	CACTF
248	CCAAG
249	EGGEE
250	FGEGA
251	FCEFA
252	FEAFE
253	AGTEC
254	CGCEF
255	FACTE
256	FTEFC
257	CTFAA
258	FFCEC
259	CCTGC
260	CFFAF
261	TGTAA
262	CEEEF
263	AAFAT
264	AAFGG
265	CFGEF
266	CTEAG
267	CAEFF
268	AFATG
269	CEEEC
270	ECAGE
271	GATCC
272	AEATF
273	EAFAA
274	CFACE
275	CCCGA
276	EFAAC
277	AAAFG
278	CGFGC
279	ETAAA
280	CCFGC
281	EAATA
282	EEECC
283	FECCC
284	FAAAE
285	ECCGE
286	CFEAA
287	FFGAA
288	CFAEF
289	CETCC
290	CGTAG
291	FAEEC
292	ECCAC
293	AGAFA
294	CAETE
295	CEGTA
296	EFCTE
297	ATAFG
298	AAGFF
299	EFEAA
300	CFEAE
301	AEFEC
302	AAGTC
303	EGCTE
304	GFTAC
305	CFTGF
306	CFGTF
307	ACCGE
308	AGCGE
309	EFCFC
310	AEEGA
311	EFFCA
312	CFAGA
313	CAETC
314	AEFGA
315	CCCCE
316	ATTEF
317	ETFCE
318	EFEFC
319	EAFFC
320	AFACC
321	CAATA
322	GEACC
323	CATGC
324	ACAEC
325	CAGCE
326	ACAFG
327	CCTAA
328	ACEET
329	CEFAG
330	FCAFC
331	AGAGF
332	CECTA
333	AFECC
334	ACGFC
335	EEGFC
336	ETGCE
337	AEFTG
338	ATATE
339	FAGAC
340	FTAAC
341	ETGGE
342	EFFEE
343	AEFCE
344	EAATF
345	EFCGE
346	CAFGA
347	CAEAC
348	CECEC
349	GEEGA
350	CFCTE
351	ETCAC
352	CEECA
353	CETEE
354	EGFCC
355	ACETA
356	ETATA
357	CGCAC
358	TEGCA
359	ETTEC
360	CTFAE
361	ATATF
362	AAACA
363	CAFTE
364	EGTCC
365	ETTGA
366	CACGE
367	CCACE
368	CTAAF
369	EFFAC
370	FATEE
371	CETTF
372	GGCAC
373	AACEF
374	ACFFT
375	AAGFT
376	GAFFA
377	CGTFC
378	ATECC
379	AETAF
380	EFATE
381	CTAFF
382	AETEE
383	CFAGF
384	EEEAA
385	AEEFA
386	ACGAF
387	ACEGE
388	AGCFF
389	ECEGF
390	CFEEG
391	CFTAF
392	CAGAE
393	AATAA
394	ATAGA
395	FEEAC
396	ACFTC
397	CGTEA
398	CTCEC
399	ATFGF
400	AEAAF
401	AFEEF
402	AAEGA
403	GFFEA
404	AEAFT
405	ECFAA
406	CTGTA
407	AGACE
408	ETAGA
409	EFFGC
410	CGCFA
411	EEAAF
412	FAFGC
413	ATTAA
414	ATCTE
415	CACFG
416	FEGCE
417	AAATF
418	AEFCF
419	EEECF
420	FTEAA
421	ECGGE
422	GCAGA
423	ACFCA
424	EFCTA
425	CAFFE
426	EGETC
427	EFTFA
428	ATTCG
429	AFFAF
430	AETAC
431	EEAAC
432	ECGAC
433	GAGTA
434	ECTFC
435	FATFC
436	ECEEC
437	AEGFG
438	ETEEC
439	GCCGA
440	FETFC
441	AGTCA
442	TCEGA
443	ECAAA
444	GCFCA
445	AFTCG
446	ACCGA
447	FETTC
448	EFETC
449	ECTEF
450	FGAGC
451	AATEC
452	FFECC
453	ACTAC
454	CFTTE
455	GGCAA
456	AGACT
457	ATCFE
458	ECFFF
459	EAEEA
460	GECEC
461	CCCEC
462	GAEAC
463	ATTAC
464	CAFGF
465	CTAAC
466	EEAFF
467	GEEAA
468	EGGCC
469	AGFTC
470	AEETC
471	AFFEE
472	EEFCC
473	CEECC
474	GFTTA
475	FGTEC
476	ECECE
477	CAGFA
478	AETFE
479	AACTG
480	CFEFC
481	FTGEC
482	AETGE
483	CCATA
484	FCTTA
485	CECGE
486	FAECE
487	FETEC
488	CCFEE
489	CFGGC
490	EAEAC
491	GCCAC
492	ACGCC
493	CEFGC
494	CFCFE
495	AAGAC
496	CCCGC
497	CGCCE
498	GTETA
499	GAFAA
500	AFCCG
501	AAAEC
502	GCCAA
503	FFFEC
504	AEAFF
505	AEFAF
506	EEEGC
507	FETAE
508	CTAEC
509	EAFGC
510	CCGAC
511	AGTGE
512	CATCG
513	FGFTA
514	ATCEC
515	GCEEA
516	FGEAA
517	CFGAA
518	CTFEF
519	ACACF
520	ETEFA
521	AACGF
522	CCAGA
523	CEEFG
524	AFETC
525	ATTEC
526	CAEGG
527	FCTCE
528	CACCA
529	ETGGC
530	AFTCC
531	CAGGA
532	GEAEC
533	CCCTE
534	ECAEC
535	EETEA
536	CTATF
537	CEAFG
538	ACTFC
539	CAAEF
540	CCCEG
541	ETCCA
542	CFTTA
543	CATFA
544	FAFFE
545	FATCC
546	CGAAF
547	GCAGC
548	GAGFC
549	AFCTE
550	CCCFE
551	CTTTE
552	EAETF
553	CGFTF
554	AFTGE
555	AAGCC
556	CEEAC
557	GFACC
558	FGTTA
559	GTEAA
560	AAAAE
561	CEEGA
562	CGTTE
563	EFCAC
564	CCAFE
565	ETATC
566	EGEAF
567	TFACA
568	EECAF
569	FGGTA
570	FFCCA
571	AFAET
572	TGFAA
573	EGACF
574	FEFEA
575	ACGTG
576	EFFTE
577	CCAGE
578	CFACC
579	GEATA
580	FECFE
581	FGGCC
582	ACCFA
583	CTGFC
584	AGGEE
585	EEEGA
586	GTTTA
587	GFTAA
588	EEATE
589	FETGC
590	ECACC
591	CECAC
592	CTAEF
593	AEFGF
594	ECGAE
595	AGGAA
596	AAAAT
597	AECGG
598	AAGCF
599	EAAAE
600	EEEFA
601	EAGGF
602	EAFFA
603	CAGCC
604	ACAEG
605	AGFEF
606	FEAGA
607	CAFEF
608	CCTCC
609	EATFA
610	AFFTG
611	AETAG
612	AFGAC
613	AETCG
614	FAEGC
615	EAFEC
616	FAFCC
617	FGAAC
618	AAEFC
619	EGAAC
620	ACTAG
621	TGAAA
622	AFACG
623	GAAGC
624	FTAFC
625	FTCAE
626	TAGEA
627	GAACC
628	CAAFE
629	CFCAF
630	CEFCG
631	EFEGE
632	CEEAG
633	GEFAC
634	FAATE
635	CEFCA
636	FFEEE
637	CFFCG
638	ATTEA
639	GCTCC
640	AGFFE
641	EAFEA
642	EATAF
643	ACACA
644	CFTFA
645	AFTEA
646	AEACG
647	AAGGT
648	AGFFC
649	AFAEA
650	ATAEA
651	ECTAF
652	CCFAF
653	TAFGA
654	GGEEA
655	EATGE
656	CATFE
657	ATEAT
658	EAEGF
659	AGEEE
660	ECFTC
661	AGCFC
662	FECGC
663	GFFCC
664	CCGGA
665	ECCTE
666	FAFCA
667	AEFCC
668	ETCTA
669	ECGEE
670	ETGEE
671	CCFEG
672	EFAGC
673	ATEGC
674	CFGGF
675	GEAAC
676	CEGCC
677	TCAGA
678	CGGFC
679	CATCE
680	AEGFE
681	EECFE
682	CGCTA
683	GGFFA
684	GCAAA
685	ACGFG
686	ATFGC
687	TFCEA
688	AGTEA
689	CCTCG
690	EAACE
691	CFAEE
692	FFTCA
693	CTAGF
694	GAEGA
695	EGGFC
696	CTTEF
697	CFCCA
698	EFFGE
699	FCCCE
700	FFCAC
701	GEFAA
702	EAGTC
703	CAGCF
704	CGTEC
705	ETECA
706	FCCFA
707	ACTEC
708	ATCEA
709	FEFCE
710	AGGCF
711	ACFTE
712	CEGEF
713	AGCCT
714	ATTEE
715	CAEAG
716	FCAEA
717	CCAAE
718	CTCFF
719	ECGFF
720	EEGCF
721	AECFG
722	EEAGA
723	EETEF
724	GCEFC
725	GTEEA
726	GTFCA
727	CFEFE
728	EFTTC
729	CAAEG
730	EGCEC
731	AECAF
732	CEFTF
733	AGTAA
734	ETTEE
735	AAETT
736	GAEGC
737	AEAAA
738	AEFEG
739	GTFGA
740	EACCF
741	FFFGA
742	CCTEE
743	CFGEE
744	AGAAT
745	CGEEE
746	GAAAA
747	FFAEE
748	CGAAC
749	CECAE
750	TCGFA
751	CFGTC
752	AAFEF
753	FTECC
754	FTFGC
755	EGTGC
756	GAFFC
757	GATEC
758	TCGCA
759	FETAA
760	EGECE
761	FFTAC
762	CGGEC
763	AACAF
764	CFTEC
765	AFETE
766	EECGC
767	GACGC
768	FGETA
769	EEFTC
770	EGECC
771	FAEFE
772	CTFAC
773	CGFCA
774	GFAAA
775	FCEAE
776	CCGFG
777	CAGAG
778	FFAGC
779	TFFAA
780	EFEEE
781	FTECA
782	GAAAC
783	GAFGC
784	ACFGE
785	ETGEA
786	AAGTF
787	AEGEG
788	GEGCC
789	FFFGC
790	GCFGA
791	ACTET
792	ETAFA
793	FTEEA
794	CAGAA
795	ATGCC
796	AEATE
797	CAAGF
798	CGCGC
799	CAGCG
800	CEEFE
801	ACAGC
802	AGCCA
803	AAFFF
804	GTCTA
805	CCGEE
806	FGEFC
807	AEAAE
808	GTACA
809	TCCCA
810	AAEFF
811	TGECA
812	ECCEF
813	FFFCA
814	EAEGA
815	CEFEC
816	FGAGA
817	CFEGE
818	ETEAE
819	EGAEA
820	CGGAE
821	ACECE
822	ECTCE
823	GAFGA
824	AGGEG
825	ACTTA
826	CTGGC
827	FFFFC
828	CCAEG
829	AFACF
830	TACCA
831	CCFTC
832	CEFGE
833	AAEFT
834	CGAFA
835	EECTE
836	AAFCG
837	EFTFC
838	ACFEE
839	FFETA
840	TAEGA
841	CFACG
842	AETTC
843	GTAGA
844	ACEEG
845	FCTFC
846	CAATG
847	FGETC
848	AFECA
849	CETCG
850	ETEGC
851	EFGCF
852	ECTGA
853	AGEAE
854	GETCC
855	EFECE
856	FFTTA
857	EEAEE
858	CGFAG
859	CFGFC
860	FTGGA
861	FFAAA
862	ECFAC
863	ACTGF
864	AFECG
865	AGEFC
866	ACTEE
867	AFFGA
868	CTEAA
869	FFGTC
870	CCCEA
871	EGEFE
872	EFGTE
873	FTEGA
874	AEAFE
875	EEFAF
876	FGTAA
877	GGGFA
878	EAFCA
879	CGCCF
880	FFAEC
881	ACAAT
882	CFTGA
883	CETTC
884	CGETE
885	CTECC
886	AGFFG
887	AACGC
888	CTCFA
889	ACFFE
890	AATEE
891	CTGEF
892	EGFEE
893	CFFAA
894	EGGAF
895	FGGEA
896	CFGEA
897	CFGAF
898	AGEAG
899	FTFAA
900	GAGCC
901	EFEAF
902	FTGEA
903	CTAGA
904	AETFA
905	CGEAF
906	AAATC
907	GGEFA
908	AATAC
909	FGAAA
910	EFATC
911	GAATC
912	CCTEF
913	FAFFA
914	ACCCC
915	CFFAC
916	CEGEE
917	ETATE
918	CFTAC
919	FGFEC
920	ATEAG
921	AGATC
922	CATAG
923	CFCFF
924	CFCAA
925	AAAGG
926	EGTEA
927	CGEFE
928	TACTA
929	EEACE
930	ECTGE
931	GTGCA
932	ECATC
933	AEFET
934	TEECA
935	ACATA
936	ATAEE
937	CTEGC
938	ECEEE
939	CCFAA
940	ECAAE
941	AAGCE
942	CGCEE
943	CGFAC
944	AAACT
945	AAAEA
946	FEFEE
947	AEECT
948	CFCAC
949	AGEGC
950	GATGA
951	AETEF
952	CAFEG
953	FGTCC
954	TCAEA
955	FFACC
956	CAAEC
957	CFFGA
958	ACTCE
959	CFFEA
960	ACCTF
961	AEGAG
962	EFGFC
963	AGAAA
964	GTTEA
965	EAGEE
966	CFEGC
967	CAGEC
968	AEGEE
969	AEGET
970	CCFAG
971	FACGA
972	AEGTA
973	FEACA
974	AFCAF
975	AAAGF
976	FTGCA
977	AGETF
978	CACAC
979	FCEGC
980	ECTCF
981	GAEEC
982	CTTFA
983	CFECE
984	AEACC
985	AETAA
986	ETETE
987	AGEEC
988	AEFCA
989	ATAFF
990	TAAFA
991	FGCTC
992	FCAAA
993	CFCGF
994	CTGEC
995	ECFFC
996	ATEEE
997	ATAAA
998	GGCCC
999	CGTGF
1000	AGACA
1001	ACETE
1002	ACAAG
1003	EETCE
1004	ATFCA
1005	ATGGE
1006	AGGAC
1007	AAETF
1008	CEAAG
1009	TCTCA
1010	AAGFG
1011	ACCEE
1012	CAAGC
1013	AGCTG
1014	TAECA
1015	ATTTF
1016	FAAFC
1017	AEAAG
1018	FGTEA
1019	ACEGF
1020	GAGAA
1021	CATFG
1022	EGFFA
1023	GGGAC
1024	FCCAA
1025	FAEEE
1026	CGEEF
1027	EETCA
1028	AFTAT
1029	EEEGE
1030	EAECE
1031	EAEFE
1032	AGTCG
1033	AGFFF
1034	GFGCC
1035	FCFEA
1036	CGFEF
1037	CACTA
1038	FAETA
1039	AGAEF
1040	GCEGA
1041	AFGEF
1042	GGAFA
1043	GCTTA
1044	CAGEF
1045	FAGAE
1046	CCCAG
1047	GEECC
1048	CFFFF
1049	CCFFF
1050	CFTAG
1051	AFEEG
1052	FAGCA
1053	CCFTF
1054	TFGCA
1055	AECGE
1056	CGFTA
1057	AEFFA
1058	AAFCA
1059	AECCG
1060	ETTTE
1061	AGCGG
1062	CFCCG
1063	AAGCT
1064	CAAAC
1065	CAFAE
1066	AGFEA
1067	FFAGA
1068	GTFTA
1069	CTTAE
1070	AETAE
1071	GCEEC
1072	GEGEA
1073	AAEAC
1074	FEAEE
1075	ACGTC
1076	CTFGF
1077	EACGC
1078	ECAAF
1079	FFFTC
1080	FGCEA
1081	AFGFC
1082	EGTFA
1083	AGGTA
1084	AAFTA
1085	AGFGE
1086	EEFEA
1087	ECFGE
1088	EAEFF
1089	EGAAE
1090	FEFCA
1091	FTAAA
1092	ACEAE
1093	TECCA
1094	CETFA
1095	ACCTC
1096	FTCTC
1097	EAAAA
1098	EATTA
1099	ETFTA
1100	TFFCA
1101	TFAAA
1102	EEAGE
1103	CAECC
1104	CCETC
1105	GFEEA
1106	AEETF
1107	EFAFA
1108	CEFFA
1109	ETEEE
1110	GTEGA
1111	CEFEE
1112	ATGFF
1113	EGFAC
1114	CEETE
1115	EETTE
1116	FTAGC
1117	AGGAT
1118	CAGTE
1119	AAACE
1120	EATGF
1121	CECTC
1122	FCCAC
1123	ECCTA
1124	ATGCE
1125	GAFTA
1126	CEAGE
1127	FATFE
1128	GEAEA
1129	CAAFG
1130	EEEEC
1131	GTTCA
1132	CTTFE
1133	FFAFA
1134	FAFCE
1135	TGEAA
1136	GETFA
1137	FEFAC
1138	ACCEC
1139	AGFTA
1140	CFGFF
1141	AGECF
1142	FTFEC
1143	ACCGC
1144	CEGEG
1145	AGGEC
1146	ETFEE
1147	ECETA
1148	CGGCC
1149	GCFFA
1150	AFATC
1151	GATEA
1152	CGGAF
1153	CACEF
1154	GGFCA
1155	CCCCC
1156	AFFTE
1157	CFCEC
1158	FCFFC
1159	FCFGA
1160	CEGGE
1161	EFTCC
1162	CCAGC
1163	ACGGG
1164	CGTTA
1165	CTCEA
1166	FEFGC
1167	CFTAA
1168	GGGAA
1169	CECFA
1170	AGGCG
1171	AEFGE
1172	FGTGC
1173	EEACC
1174	ATCGA
1175	CAGEE
1176	EACAE
1177	GEAAA
1178	ATAAF
1179	CEAFF
1180	FATTC
1181	AACCA
1182	AFGFE
1183	ECGGA
1184	CGCCG
1185	AEEGC
1186	EGCGA
1187	ETFEC
1188	CTECF
1189	FEGFA
1190	EAAFF
1191	FCAGE
1192	ACFAF
1193	AAEEA
1194	AECAE
1195	EFAAA
1196	EETGA
1197	ETFAA
1198	EETAE
1199	ATEFE
1200	ETFCC
1201	GEGAC
1202	CATEC
1203	CETEF
1204	CTFTF
1205	CATGG
1206	ATFEE
1207	EAAGE
1208	TCCFA
1209	EECCE
1210	CTFGA
1211	GATGC
1212	ETGFC
1213	EACEF
1214	EGECA
1215	ECCGC
1216	EEFAE
1217	FTTAC
1218	CAFCF
1219	ECGAF
1220	CFETA
1221	ECEFC
1222	ACAFT
1223	EGCGC
1224	GAAEC
1225	AFAGF
1226	GFAAC
1227	AECAA
1228	CFCEF
1229	CAACF
1230	TCAAA
1231	AFGGF
1232	AEACA
1233	GCFAC
1234	AAFGA
1235	ETECE
1236	EEGAA
1237	FCFCA
1238	ETFTC
1239	CEFFC
1240	CFATE
1241	ACEFF
1242	ATEAC
1243	AEAEF
1244	AGEAA
1245	GFCAC
1246	AGEAT
1247	EEATA
1248	EFTGA
1249	AFCFG
1250	CAAGG
1251	AAEEG
1252	EAAAF
1253	CACEE
1254	AEAEG
1255	AGGGG
1256	ECCCA
1257	FGACE
1258	AGCGA
1259	CGTCC
1260	CGCTF
1261	CETFE
1262	CCECA
1263	CFECF
1264	ATTAG
1265	TAFCA
1266	CETEG
1267	FAGFA
1268	ACCTA
1269	ECGCF
1270	EAEAA
1271	AAAFC
1272	FTCAA
1273	AEFTC
1274	CTFFF
1275	AEGTG
1276	AFCAE
1277	FECEA
1278	AGCGF
1279	FFGFA
1280	TCGEA
1281	ATFAF
1282	FECAA
1283	TFCCA
1284	CFAAC
1285	GEGGA
1286	EGCAC
1287	ECACE
1288	ECCCF
1289	FAFAC
1290	FATFA
1291	ECGEC
1292	CCCAE
1293	CACEA
1294	ATEEF
1295	FEATA
1296	ACECT
1297	AATFC
1298	FFCGA
1299	FFEAE
1300	CAGGC
1301	CAEAF
1302	EAGGC
1303	AFCFA
1304	FGECE
1305	GTCFA
1306	CTCFE
1307	CCFCG
1308	ACEAC
1309	ECAFF
1310	AEGEA
1311	AETGC
1312	CTTFF
1313	GEEAC
1314	AAACG
1315	AFAGA
1316	ETCCC
1317	GFEAC
1318	GTAFA
1319	EFGCA
1320	EACTA
1321	AACAE
1322	ETTTC
1323	EGTEE
1324	AAAFT
1325	EEEEE
1326	CGFTE
1327	AAGEF
1328	FGCCE
1329	AFTFG
1330	ACECG
1331	AEAGE
1332	FAAGC
1333	FTAAE
1334	ATECF
1335	FEFAE
1336	GAFAC
1337	CTGCF
1338	CEGGA
1339	CTTEC
1340	EGGEC
1341	CEGAA
1342	CAATE
1343	CCGAF
1344	AAGGG
1345	AGATE
1346	ATEGF
1347	AAFEG
1348	GFGGA
1349	AGETA
1350	CEGFF
1351	AEAET
1352	GGCFA
1353	CEEEG
1354	ACECA
1355	AETFF
1356	CCTFE
1357	EACCA
1358	GTFEA
1359	EGEGC
1360	AGTFA
1361	ATTCA
1362	CFAAG
1363	AATGG
1364	FACGC
1365	AGGFA
1366	AGTGC
1367	AGEEG
1368	AEGCE
1369	EACAA
1370	FFAEA
1371	AFFTC
1372	AGFTG
1373	ACCCE
1374	CEAEE
1375	AEGCC
1376	FGGGA
1377	ETFAE
1378	AETAT
1379	EETTC
1380	EFCEF
1381	AAAAG
1382	CFTCC
1383	TCFCA
1384	CCEGG
1385	AGFCC
1386	CEFAC
1387	AECTA
1388	GEEEA
1389	GAFEA
1390	EEFGC
1391	EAEEC
1392	ACAFF
1393	GECCA
1394	FFCAE
1395	EFCAE
1396	CAAAA
1397	ATFAC
1398	FGGGC
1399	CTTAA
1400	ATCTC
1401	ATETE
1402	EGCCC
1403	EGFEC
1404	CCEEA
1405	EGGGE
1406	CCFEF
1407	FEGAC
1408	AFTAE
1409	AGTFC
1410	CEEEE
1411	AACAA
1412	FCGAE
1413	ACCCG
1414	EEGAE
1415	CGTAE
1416	GECAA
1417	FFCAA
1418	CFEEC
1419	AFAAC
1420	CGECF
1421	CTTGA
1422	CATAF
1423	EAFEE
1424	ACEGA
1425	GTGAA
1426	CCAGF
1427	ETAAF
1428	ATGGG
1429	ACACT
1430	FAFEC
1431	CAFCC
1432	FGCFC
1433	EGAEC
1434	AETEG
1435	AGFCE
1436	EFTAA
1437	GCEAA
1438	FTETA
1439	EEGTA
1440	AGGEA
1441	CGEAG
1442	ACCGF
1443	EEAFC
1444	GCFAA
1445	ACEFE
1446	CAFGE
1447	ACCTG
1448	GAGCA
1449	CTCGF
1450	GFGCA
1451	AETEC
1452	FATAA
1453	ACTFF
1454	FFCEE
1455	FCGFC
1456	ACECF
1457	AFEEE
1458	AFFFE
1459	CTAEA
1460	GECTA
1461	CGTEF
1462	CTGGF
1463	ECFAF
1464	AEECE
1465	TETCA
1466	AEAAC
1467	ACAGA
1468	FCAGC
1469	TTEAA
1470	AFTGG
1471	AFACA
1472	FTFTA
1473	CTTAF
1474	EGTFE
1475	EGEFA
1476	AACAT
1477	CCGTA
1478	AECTE
1479	AETCE
1480	AACCT
1481	ATAEG
1482	ACGAE
1483	EFFCC
1484	CETGA
1485	FCETA
1486	ACEAA
1487	FAGFE
1488	ATFEC
1489	CFECC
1490	CFATC
1491	AFEFG
1492	FCAFE
1493	EECAE
1494	EAEGE
1495	FGCCA
1496	AEAFA
1497	ACCAE
1498	CCGTF
1499	CATEF
1500	CCAAA
1501	EFACF
1502	CACGF
1503	TEFEA
1504	EAFEF
1505	EFFEC
1506	AEEEF
1507	AGFFA
1508	EAAFA
1509	EFTCE
1510	TTCAA
1511	CFTAE
1512	ECEAE
1513	EFGAE
1514	AAATG
1515	AECTG
1516	EEATC
1517	ACAGF
1518	AATEF
1519	CTECA
1520	CCGEC
1521	FCGCE
1522	GCFTA
1523	AFETF
1524	ATTFG
1525	AGCAA
1526	CCATF
1527	CAFEA
1528	EEFAA
1529	AATET
1530	FGATC
1531	FTCFC
1532	AGAGG
1533	GFAEC
1534	GFAEA
1535	FTTEC
1536	FATTA
1537	AAFGT
1538	AEGFF
1539	FCAFA
1540	ATTCF
1541	ATFAA
1542	FECCA
1543	AFFEF
1544	AECGF
1545	CCTFF
1546	AFGFG
1547	AFGFA
1548	ATFFE
1549	ATCAC
1550	GECCC
1551	CCCAA
1552	EFGGC
1553	CAEFG
1554	CGETA
1555	AACEC
1556	CGFTC
1557	GGTGA
1558	GGAAA
1559	CGFGA
1560	ATTTE
1561	CETEC
1562	AGATG
1563	CCFFA
1564	FTACC
1565	AEECC
1566	CTTTA
1567	AFFFF
1568	AECFC
1569	AECTF
1570	FAGEC
1571	AGTFG
1572	AFCFC
1573	FEGEC
1574	ECEFF
1575	ATTGE
1576	CEEAA
1577	FEFFA
1578	FFEGA
1579	AFAFA
1580	FAEAC
1581	AFCCA
1582	TAGAA
1583	AATCG
1584	CEFCE
1585	ACFTA
1586	TCGAA
1587	EGACE
1588	AGGTG
1589	AFETG
1590	AFFCG
1591	AECEC
1592	EEFCF
1593	CTEGE
1594	FGEEA
1595	AGFTE
1596	AGTCF
1597	CCTGE
1598	ETCTC
1599	ECCGF
1600	ACTFT
1601	ATGAA
1602	GECAC
1603	CEAAE
1604	ECFCE
1605	FAFFC
1606	AFEAA
1607	FECTC
1608	FGEEC
1609	ECTAE
1610	AECGC
1611	GCAAC
1612	CTFTC
1613	FAEGA
1614	FCCTC
1615	AAFGF
1616	CCEEE
1617	CEFEF
1618	ACGAC
1619	EAATE
1620	AAAEE
1621	EETFE
1622	ECGGC
1623	AEGCG
1624	TFECA
1625	EAFGE
1626	CGAGE
1627	EECAA
1628	TCTFA
1629	EEFAC
1630	EFGEA
1631	AGEFA
1632	CCACC
1633	EECGA
1634	ACEEC
1635	ECFTE
1636	FTCFA
1637	CGTGC
1638	CFGCE
1639	ECATE
1640	AFFCA
1641	ATGCG
1642	FACTA
1643	ATFCC
1644	CEFGA
1645	ETCFE
1646	FEAFA
1647	AFFAE
1648	CETGF
1649	FFATA
1650	GCGTA
1651	CCETE
1652	ECFAE
1653	CTACF
1654	GTCAA
1655	GACFC
1656	AAEEC
1657	EACEE
1658	GACAA
1659	AGFEC
1660	FFCGC
1661	EEGEA
1662	AAFFC
1663	ACFAT
1664	AEFEE
1665	EAGAE
1666	GCAFC
1667	CACTC
1668	ACTEA
1669	AEEGF
1670	GTTGA
1671	EETEE
1672	FTFGA
1673	EEAEA
1674	ACATC
1675	AEFTF
1676	ECAEF
1677	GCCEC
1678	CAGEA
1679	ETEAC
1680	FCTAC
1681	CAFFA
1682	CTGGE
1683	ATAAT
1684	TCAFA
1685	CFFCE
1686	ETCAE
1687	GFECA
1688	FGAFA
1689	EAFAC
1690	FFGEA
1691	AAFAC
1692	ATFEA
1693	ETGFE
1694	GCFFC
1695	AEAEA
1696	ECAGA
1697	FCCFE
1698	AEAFC
1699	CAAFA
1700	GFCFA
1701	ECAGF
1702	CGTTC
1703	EEGTE
1704	EAFCE
1705	CAACE
1706	FTTGA
1707	EACFF
1708	CFEAF
1709	CEFEA
1710	AGFAE
1711	CFAEG
1712	CEAEF
1713	FGCFA
1714	GGFTA
1715	AEGTE
1716	EGTAC
1717	ATACA
1718	CCGFF
1719	TCEEA
1720	GCFCC
1721	CAEFA
1722	ACAAF
1723	AFTAA
1724	EGTCA
1725	CAEGF
1726	CTCGA
1727	ETTAE
1728	CCCGF
1729	ACAEE
1730	FEECA
1731	CEGFC
1732	FCTFA
1733	CCTTC
1734	FCAEC
1735	EECCA
1736	ACGTA
1737	EAETA
1738	ACGGE
1739	ATECE
1740	CAGFE
1741	ATTTA
1742	AFTEC
1743	EGGFA
1744	AEFFG
1745	CATGE
1746	AAGAE
1747	FAGCE
1748	CCCGE
1749	AAGGF
1750	CEGCG
1751	FFGCC
1752	CFAFF
1753	ACACE
1754	FACAE
1755	AGECE
1756	AAAGT
1757	FEECE
1758	AAFCT
1759	FCAGA
1760	TEFCA
1761	ATAFC
1762	CGEFF
1763	CTECE
1764	GTTFA
1765	ATGCA
1766	CFFFC
1767	CCGCG
1768	GEFGA
1769	EEFTA
1770	ACEAF
1771	GFTEA
1772	AGATA
1773	GATAA
1774	CTTGE
1775	ACFEF
1776	CTAAG
1777	CTGCA
1778	FETEA
1779	GGTEA
1780	CATCA
1781	FFFCC
1782	EEGEC
1783	ATFCF
1784	CGFGE
1785	FCFTC
1786	EFEGC
1787	ATAGG
1788	FAFTC
1789	AACCE
1790	EECTA
1791	ACATG
1792	AAFAE
1793	EEGCA
1794	ECTTE
1795	GCCEA
1796	FACFA
1797	AEFAE
1798	AECAT
1799	CGCCA
1800	CGGFF
1801	FACFE
1802	EGCAA
1803	FGFCC
1804	AFACT
1805	CFTTC
1806	AFTCT
1807	CGAAA
1808	CAEEF
1809	FFAFC
1810	AFAFG
1811	EEGEF
1812	AEAGC
1813	AGTAE
1814	EGGTA
1815	FGTAE
1816	AFFAT
1817	CFCTA
1818	AEGGG
1819	CTCAF
1820	CATTE
1821	FEAEC
1822	AAAFA
1823	EFFAE
1824	ACTFE
1825	TAAEA
1826	ECTFF
1827	EGGAE
1828	EGEEA
1829	ECEFA
1830	AEETG
1831	AGGCC
1832	ATFAG
1833	ACCAG
1834	CTACC
1835	CCFTE
1836	ACAAC
1837	AECCA
1838	ATGGF
1839	GTCGA
1840	CEATA
1841	TAGCA
1842	EFTGC
1843	FTTGC
1844	ATCEE
1845	EFGAA
1846	FGATA
1847	EFEEA
1848	CCFGF
1849	FGGFC
1850	GATAC
1851	FCEAA
1852	AFATE
1853	AGGAE
1854	AATGT
1855	ACAET
1856	FAEAA
1857	GECFC
1858	AAEFE
1859	FFEAA
1860	CTAFA
1861	FCFGC
1862	FFTCE
1863	ECEGE
1864	ACGTE
1865	ACTCT
1866	AECEG
1867	AEGGE
1868	AEGAT
1869	CTCCE
1870	AAFFE
1871	AACCG
1872	CEFAA
1873	FEGTC
1874	ECETC
1875	CFATF
1876	GTECA
1877	CGCAF
1878	AFCCT
1879	GCGGA
1880	EGTEC
1881	EAGFE
1882	EEGCC
1883	GGFEA
1884	GGTTA
1885	ACTCA
1886	AFCFE
1887	EFTAE
1888	AATAT
1889	CEGAG
1890	CCTAG
1891	CACGG
1892	EAETE
1893	AFGTG
1894	FGTCA
1895	CGACC
1896	CGECA
1897	GFGAA
1898	FCTGC
1899	CAFGC
1900	EATFE
1901	AAFCC
1902	GFEFA
1903	ATAGE
1904	CEAEG
1905	ATTGG
1906	CFGGE
1907	AGECC
1908	AFCCE
1909	AFAEG
1910	CTCTA
1911	CCEFE
1912	ETAGC
1913	AEGFC
1914	AACET
1915	ACATF
1916	EGCFC
1917	AAEAF
1918	ATEEC
1919	ETGEC
1920	AAFTG
1921	FGCAA
1922	AGCTA
1923	CCFAC
1924	AAFEC
1925	ACCFF
1926	CGCFF
1927	AAEET
1928	EFGAC
1929	FAAGA
1930	FGAFC
1931	GFCCC
1932	ACGCT
1933	EFECF
1934	EFGGA
1935	ATCAF
1936	AAGTE
1937	ATGCF
1938	EGFCE
1939	CFEFF
1940	ATFGE
1941	FCECE
1942	EFETA
1943	AFEAT
1944	AGFTF
1945	AFEEA
1946	AEEEC
1947	EAGAC
1948	FEGCA
1949	FTGGC
1950	GGCGA
1951	ACTAE
1952	AAACF
1953	CTFCA
1954	FTTFA
1955	CGTGA
1956	EEFCA
1957	AEGCF
1958	CCEAG
1959	ETAEE
1960	ETCEC
1961	FFCCC
1962	FGCEC
1963	CTAFC
1964	GGGEA
1965	CGTCE
1966	EGEFC
1967	AFTCA
1968	FTATC
1969	AEEFF
1970	ATEEG
1971	ATCTA
1972	FEEEA
1973	CTETC
1974	EFGCC
1975	AEACT
1976	AGTAC
1977	FGEGC
1978	EGFEA
1979	GAFEC
1980	ACCTE
1981	FAEGE
1982	CFFCC
1983	ETGTC
1984	CEACC
1985	AFTTF
1986	EATEE
1987	FTCCC
1988	FGAEC
1989	AATAF
1990	AEEGE
1991	FCEFE
1992	ECTEA
1993	AEATA
1994	AFFEA
1995	CGFEC
1996	FGCAE
1997	CGCGA
1998	AFFGF
1999	EGGAA
2000	CFTCG
2001	ATTEG
2002	ECAFA
2003	AGFCG
2004	CGEAA
2005	TGCAA
2006	CAGTA
2007	GCTCA
2008	AACEG
2009	ATGGA
2010	AGCAT
2011	AEFTA
2012	CFAFE
2013	ETTGE
2014	CEETC
2015	FCTAE
2016	CCEFG
2017	FFEFA
2018	AGFGG
2019	CGCCC
2020	GGTAC
2021	CGAEE
2022	TAETA
2023	TEACA
2024	CTFGE
2025	EETAF
2026	AGACC
2027	EGAGC
2028	EGEGE
2029	FECFA
2030	ACGGC
2031	CAFAF
2032	CAAAE
2033	CFFTA
2034	AAFTC
2035	FCFCE
2036	FCAEE
2037	ATTGA
2038	ATGEA
2039	CAACC
2040	EFGFA
2041	ACFAE
2042	CCFTA
2043	ECTFA
2044	CEAGC
2045	AAGEC
2046	GAECA
2047	ATCGF
2048	ATFTA
2049	AEGGA
2050	EAGTE
2051	CFTEF
2052	EAGCC
2053	EACCE
2054	FTAEC
2055	CFAFC
2056	ATEFF
2057	AGGGC
2058	ETACC
2059	EGACA
2060	AEEFT
2061	EEAEC
2062	CEGFE
2063	CGGFE
2064	CFFTF
2065	CTGFA
2066	GTAAC
2067	AECFA
2068	EFACC
2069	CCTTF
2070	FEGAE
2071	AECCE
2072	ACFGC
2073	GEAFA
2074	ATTCC
2075	CECEA
2076	AGECG
2077	EFTAF
2078	ACAFE
2079	CTCTF
2080	AFGAG
2081	AAAFF
2082	GACEC
2083	ATFCG
2084	AAAGE
2085	AGGAF
2086	CFTGC
2087	AAEFG
2088	ECGFC
2089	ETTAC
2090	AEEFG
2091	FAACE
2092	EAGAA
2093	AAGTA
2094	GCGAC
2095	EFTEC
2096	ATECG
2097	ATFFA
2098	CEACG
2099	AECCC
2100	CCCFG
2101	FEECC
2102	TACEA
2103	ECEAA
2104	CGFFE
2105	FAGAA
2106	CFECG
2107	FGFTC
2108	CFCTF
2109	GAAEA
2110	CAEEC
2111	CATTA
2112	ATTAE
2113	EGGFE
2114	GACAC
2115	CGEEA
2116	EAFCC
2117	FCGEA
2118	ATECA
2119	EEEAF
2120	ATCFA
2121	ATCCE
2122	EEFFA
2123	AFGAE
2124	CCCAC
2125	AAGEG
2126	CFGTA
2127	CFEFA
2128	AATTA
2129	EGEAA
2130	ACGFT
2131	TATGA
2132	EGGCA
2133	GGCCA
2134	ACEAT
2135	CAFEE
2136	FTAEA
2137	FAAAA
2138	FEFTA
2139	ATGAF
2140	EAFFF
2141	CETTE
2142	EGFAE
2143	ACEAG
2144	ACFGG
2145	CTEAC
2146	FTFEA
2147	CFCGA
2148	FCTAA
2149	AFGCC
2150	ATFFF
2151	EEECE
2152	GFGTA
2153	FCAAC
2154	CATFF
2155	AAFTF
2156	EFCTC
2157	ECAFE
2158	ATCGG
2159	CACTE
2160	ECGTE
2161	AAGFA
2162	ACGCG
2163	CEFFF
2164	EFAEA
2165	CFAEC
2166	AFTFF
2167	FETGA
2168	AFEAE
2169	EATFC
2170	FTEFA
2171	CCTTA
2172	CAFCG
2173	TAAAA
2174	FFTEC
2175	GGFAC
2176	EGTTC
2177	FATAE
2178	ACGFA
2179	FAAEA
2180	FCGEE
2181	CGTAA
2182	FAATA
2183	FTFCC
2184	AATTE
2185	AGGCA
2186	AGATF
2187	AAGGA
2188	CFTCA
2189	AGFGC
2190	CFEGF
2191	EAAEF
2192	FTTTC
2193	FFTCC
2194	CEFTA
2195	CGGAC
2196	CAETG
2197	ACFAC
2198	AAGAF
2199	CAEEE
2200	AFTCF
2201	FCFCC
2202	EEFGE
2203	CCFFG
2204	AATTG
2205	AATFT
2206	EEFCE
2207	AFATA
2208	ACTFG
2209	CFTEA
2210	CFAGE
2211	ECGTA
2212	AEEEG
2213	CTTGF
2214	AFCGC
2215	CTCCC
2216	TCCGA
2217	CCECE
2218	ACCFC
2219	EEEEA
2220	CEEGF
2221	CEGAE
2222	EEFGA
2223	FCFFE
2224	EGTAA
2225	AACGG
2226	CTAAE
2227	FGGTC
2228	FACTC
2229	GFGEA
2230	EFFCE
2231	ACTGA
2232	ECGEA
2233	ECAFC
2234	ACFTG
2235	AGAAF
2236	CTCAC
2237	FFCTA
2238	AFEET
2239	GGTAA
2240	CCGEG
2241	EFTAC
2242	EAEFC
2243	EEEAC
2244	AFFCE
2245	CCGFC
2246	ACCFG
2247	FAFAE
2248	CECGA
2249	AFACE
2250	CTETA
2251	CFFTE
2252	CTGFF
2253	AEAFG
2254	ACGEA
2255	CCFGA
2256	AGCCG
2257	ACTTG
2258	AATFA
2259	ATTTG
2260	EAACC
2261	FCCFC
2262	EACGE
2263	GGAEA
2264	AEFFC
2265	CCEFC
2266	CTGCC
2267	EAGFC
2268	CGEFC
2269	CAGGF
2270	CECTF
2271	FTGCC
2272	ETETC
2273	AACFA
2274	EFTFE
2275	FAGFC
2276	GGEGA
2277	AETGF
2278	AFECF
2279	CGGFA
2280	AFFEG
2281	AGEGE
2282	CAEEA
2283	ECFEE
2284	GFGAC
2285	AEGAA
2286	CCECF
2287	AECCF
2288	FFACE
2289	EFTCF
2290	AFEGF
2291	GFCAA
2292	CGFCC
2293	ACTTC
2294	AGGTE
2295	EGFFC
2296	CTCEE
2297	CCGAE
2298	AAATA
2299	EFGEC
2300	GAAFA
2301	AGEFG
2302	EAAFE
2303	GEEFC
2304	GEFCA
2305	GETTA
2306	EFECA
2307	GFFTA
2308	ECEAF
2309	CCGTC
2310	AGAFG
2311	FCATC
2312	AFFCC
2313	CFFCA
2314	GCCCC
2315	CAACA
2316	FAGCC
2317	TEAFA
2318	FETFA
2319	ACAGG
2320	CCFAE
2321	AECFF
2322	CAECA
2323	GFFGA
2324	EFCAA
2325	ATAAE
2326	GEFFA
2327	CGAGC
2328	EGEEC
2329	CTFTE
2330	AAFAA
2331	CGGAA
2332	FETCE
2333	GGFAA
2334	CTGTF
2335	EATAE
2336	AAFCF
2337	CGAGA
2338	ECAGC
2339	CGCAG
2340	EFFFA
2341	AFCCC
2342	CFEAG
2343	GCATA
2344	AGGGE
2345	GFACA
2346	EAFAE
2347	EGETE
2348	AEFCG
2349	ACGGA
2350	CCAFC
2351	AEEEA
2352	CAFTF
2353	AFFFC
2354	CATGF
2355	EAGAF
2356	EAFAF
2357	AFAAF
2358	GEACA
2359	CFGFA
2360	FCTFE
2361	CATTC
2362	EEEAE
2363	AFTEF
2364	CETGC
2365	EETFC
2366	AGFGF
2367	GGCEA
2368	CGGTC
2369	GEGAA
2370	ATFFG
2371	FEGCC
2372	EGCFE
2373	FCGCC
2374	ECTEC
2375	FEETC
2376	ATAGC
2377	AFTTC
2378	EGFTC
2379	AFFTF
2380	ETTFC
2381	AGTEE
2382	GAECC
2383	CTTEA
2384	CFGCC
2385	AGETC
2386	EACAC
2387	AACFT
2388	CFEGA
2389	AFTAG
2390	AATGE
2391	CEEFC
2392	EGATE
2393	AAFET
2394	ACGEC
2395	AACEE
2396	CACCF
2397	EFEAC
2398	AGFAT
2399	CAECG
2400	EAAEE
2401	AGGTF
2402	ATTAF
2403	EACEC
2404	AAAAC
2405	CCAFA
2406	CACEC
2407	FECFC
2408	FTAFA
2409	FEETA
2410	AFFTA
2411	AAGAA
2412	GEGTA
2413	ACAEA
2414	ETFFA
2415	AFAGC
2416	AFTTG
2417	AAATT
2418	CTTGC
2419	ATEGA
2420	CGFFA
2421	EGFGC
2422	FAFEE
2423	TEFAA
2424	GAFCC
2425	CFFTC
2426	AGEEF
2427	FAGEA
2428	ATCTF
2429	AGFCA
2430	AEGEF
2431	GCCGC
2432	ECFEA
2433	GFEEC
2434	CATEG
2435	AGTEG
2436	CTCAA
2437	AFCEA
2438	GFFCA
2439	AAGCG
2440	ATFGG
2441	ACEEA
2442	CTTFC
2443	CCTTE
2444	ACACG
2445	EFGFE
2446	ATTGC
2447	FGEAE
2448	CEAAF
2449	AEAEC
2450	CGGTA
2451	EETEC
2452	FTEEC
2453	TGACA
2454	AFAFE
2455	CTGCE
2456	GTEAC
2457	AEFGC
2458	CTTCC
2459	ATCAA
2460	ATCCC
2461	FGFFC
2462	ACTAF
2463	ETCGA
2464	EFETE
2465	CCTEA
2466	CAAFC
2467	AACTA
2468	CTACA
2469	CCCCA
2470	ATEGE
2471	EEACA
2472	GECGA
2473	FFGAE
2474	CGETC
2475	EATCF
2476	FFGGA
2477	CGFCE
2478	FGCGC
2479	AGEFE
2480	FGFFA
2481	FFCCE
2482	EAFTE
2483	AEEAT
2484	CGCEA
2485	FCGAC
2486	EEGGA
2487	ATAEF
2488	CCEEG
2489	CEEFF
2490	EFGCE
2491	CCCFF
2492	EGEEE
2493	AFCTC
2494	FETEE
2495	ATGAE
2496	EAEAE
2497	EGGCE
2498	FEGFC
2499	FTCEA
2500	EFEEC
2501	AGTGF
2502	AFGEG
2503	CCGEF
2504	AGCTC
2505	CTGFE
2506	CGEAC
2507	AATCT
2508	FTFTC
2509	CTAGC
2510	EFCCC
2511	CGAAG
2512	CGCFE
2513	EGTGE
2514	ETEFC
2515	CCETA
2516	GFECC
2517	FFGGC
2518	GEEEC
2519	FCACA
2520	AFTEE
2521	EFACE
2522	EGGGC
2523	CATAA
2524	GGTFA
2525	EGAGA
2526	EGAGE
2527	FCFEC
2528	AFAFF
2529	ATEAF
2530	AETTG
2531	GETCA
2532	ATFEF
2533	FEEAA
2534	ETTFE
2535	CAFAG
2536	FACEC
2537	CCATC
2538	AFCGA
2539	ACEGT
2540	ETTCC
2541	AAGFE
2542	GEFTA
2543	GATFA
2544	FACCE
2545	EGAAF
2546	FCTGA
2547	FCATA
2548	CGEAE
2549	FFCEA
2550	GCTAC
2551	CEFGF
2552	EAFTC
2553	FAETC
2554	TAFAA
2555	FGGAA
2556	GCAEA
2557	AFTCE
2558	CAEAE
2559	EATTE
2560	CEATF
2561	CCCCF
2562	ECCFE
2563	ETTGC
2564	FCEEE
2565	AFEFA
2566	GCAEC
2567	AEFEF
2568	CTFTA
2569	GFETA
2570	AAGGE
2571	FGAEA
2572	CTCAG
2573	FEFTC
2574	CGGCA
2575	CGTGE
2576	CCGGF
2577	GCETA
2578	CATGA
2579	GAACA
2580	CCEFA
2581	ACGEF
2582	AFGGA
2583	FFCFC
2584	FEAAA
2585	CFTCF
2586	CAETF
2587	ECFFE
2588	CGCEC
2589	FCFTA
2590	CEEEA
2591	ATFFC
2592	CTCEF
2593	AAEGC
2594	ACETF
2595	FTCAC
2596	AATAE
2597	TFTCA
2598	CEAGA
2599	FGEAC
2600	GGFGA
2601	ECEGA
2602	AFGGG
2603	CEFCF
2604	AEEAE
2605	ETEGA
2606	AETCF
2607	EFACA
2608	FAEEA
2609	FEEFC
2610	GAETC
2611	FTFCA
2612	AFTEG
2613	CGFFC
2614	EAGEF
2615	CECCC
2616	GFFFA
2617	EAETC
2618	CEGAF
2619	AFTFC
2620	CFFFE
2621	EACTC
2622	CTACE
2623	ETCCE
2624	FFTGC
2625	CGTFF
2626	AGAGA
2627	AGTEF
2628	ECFCF
2629	ECFFA
2630	CAECF
2631	GCGAA
2632	FAFGA
2633	AAETC
2634	CCTCE
2635	GGEAA
2636	AATFF
2637	EAFGA
2638	AEGFA
2639	CGTTF
2640	CCGCF
2641	AECAC
2642	ECAEA
2643	FACCA
2644	CECAF
2645	AFGCT
2646	ATTFC
2647	ATEFG
2648	CCAGG
2649	AGEAF
2650	AAECA
2651	CGCFC
2652	FCCEC
2653	GAEFC
2654	GACTA
2655	ECEFE
2656	AAECF
2657	FACFC
2658	TAEFA
2659	EAGCA
2660	ECTFE
2661	EGTTA
2662	ETGAC
2663	EEFTE
2664	ACFGF
2665	AGCAG
2666	TACGA
2667	ATEEA
2668	EGACC
2669	FECTA
2670	ACACC
2671	AEFCT
2672	AFAEF
2673	AFGGC
2674	CCEGF
2675	ETGTA
2676	ATGEF
2677	GFTFA
2678	EETFA
2679	EAAAC
2680	ATACF
2681	GCTAA
2682	AFCAC
2683	EGCAE
2684	TATFA
2685	AEETA
2686	GTGFA
2687	EETAA
2688	CFAAF
2689	CTTCA
2690	AGFEG
2691	AEEFC
2692	CFAGC
2693	AFGCA
2694	GAEEA
2695	GACCC
2696	CFFEE
2697	CTTEE
2698	FGTFA
2699	FTGTA
2700	CFECA
2701	EGATC
2702	EGGTE
2703	CECEG
2704	ETFAC
2705	GTCCA
2706	ECTEE
2707	CGATE
2708	EFTEA
2709	FAAFA
2710	FATEA
2711	FAGGC
2712	ECCGA
2713	EFCAF
2714	ETCTE
2715	EGGAC
2716	ATAFE
2717	FFGEC
2718	CACAG
2719	ECFEF
2720	CTEFF
2721	CCEAF
2722	AGGEF
2723	ACATE
2724	FCCEE
2725	GEAGA
2726	GCGEA
2727	GAETA
2728	AGGFE
2729	EEAEF
2730	ACGCE
2731	AGCFE
2732	AAEGE
2733	AFEEC
2734	GECFA
2735	AGFCF
2736	AAGAG
2737	GEAFC
2738	ECACF
2739	CEAEC
2740	CGAEF
2741	EGECF
2742	CECFG
2743	CCCTF
2744	CCEFF
2745	ETCEA
2746	CEAAA
2747	EATEF
2748	EEAAE
2749	ECGFE
2750	ECTAC
2751	EGTTE
2752	GEGFA
2753	GTATA
2754	CTEFE
2755	CCFCC
2756	CFAFA
2757	EATCA
2758	CCFGE
2759	CTFEA
2760	EEGCE
2761	ATTFA
2762	AAFTE
2763	CAFFG
2764	ATGGC
2765	AAEGT
2766	CGTCF
2767	CTEAE
2768	FEEFA
2769	CFCAG
2770	CGFEE
2771	AECAG
2772	CCGAG
2773	AEGAE
2774	CCGFE
2775	GTCAC
2776	EFGTC
2777	CTEFC
2778	ETAEA
2779	FCCGA
2780	GCCTA
2781	GCGCA
2782	AFAGE
2783	FACCC
2784	AEAAT
2785	CTTAC
2786	CETCE
2787	EATFF
2788	CTATE
2789	AEFAA
2790	AFFGE
2791	AAETA
2792	AEAEE
2793	EGCCA
2794	CGGGF
2795	CFEEF
2796	AGGGF
2797	AGFAA
2798	FTFFC
2799	CETFC
2800	ETCFA
2801	CCTFA
2802	TATAA
2803	TEEEA
2804	CETTA
2805	EETCF
2806	ETACA
2807	AAAFE
2808	ETTTA
2809	FETAC
2810	AFCAA
2811	EEGFA
2812	CACAF
2813	FFEFC
2814	CFTCE
2815	ATCEF
2816	ETFEA
2817	ACFAA
2818	ACAAE
2819	AEEEE
2820	FGCGA
2821	GAGEC
2822	ETECC
2823	ATTCE
2824	FATAC
2825	AGGGA
2826	ATAAC
2827	EFCGC
2828	EFCCF
2829	ECECC
2830	ETGFA
2831	TCFAA
2832	AAFGC
2833	ACFGA
2834	AGGFG
2835	CTCAE
2836	CGCGF
2837	ATCAG
2838	AEGGC
2839	GTEFA
2840	AEACF
2841	ACGFE
2842	CTGEA
2843	CACFE
2844	GAGAC
2845	FEACE
2846	AFEFF
2847	CAEEG
2848	ECCAA
2849	CACFF
2850	GCFEC
2851	CGTFE
2852	EACAF
2853	FCTEE
2854	AFEAF
2855	CGGCE
2856	AGAEA
2857	CGCTE
2858	AETEA
2859	ECTCA
2860	ETGGA
2861	AECTC
2862	AETCA
2863	EAACA
2864	FCECC
2865	CATCF
2866	CETAA
2867	FFGAC
2868	TAFFA
2869	CCCGG
2870	ATGAG
2871	FTCGC
2872	AFGGE
2873	FCGTA
2874	EFFAF
2875	GFFAC
2876	CFGCF
2877	FATGA
2878	GETEC
2879	CGGTE
2880	GACGA
2881	AATCC
2882	GCCFA
2883	AGCEA
2884	EFEAE
2885	CCEGC
2886	FFTAE
2887	FFCFA
2888	CFCEG
2889	AAAGC
2890	ECTCC
2891	GGCTA
2892	CTETE
2893	FFTTC
2894	AFFAA
2895	CTEEC
2896	EGTAE
2897	AEFTE
2898	FEGTA
2899	FCGCA
2900	AAGEA
2901	ACCAC
2902	ACEEF
2903	ACCCT
2904	FTACA
2905	AATTF
2906	GCEFA
2907	ACGCF
2908	AFGCE
2909	AGCFG
2910	ETFGC
2911	AEECF
2912	TATCA
2913	AETFC
2914	CGTAF
2915	CFCCE
2916	FFEGC
2917	GCTFC
2918	EFFAA
2919	CAGAF
2920	AFTAC
2921	CTCTE
2922	ATTFE
2923	FECAE
2924	GGAAC
2925	ECTGC
2926	AACGE
2927	CGACG
2928	AACGT
2929	FCFAC
2930	ATCAE
2931	FACEE
2932	CTETF
2933	EFECC
2934	TCTEA
2935	AFGCG
2936	ETGCA
2937	ECATA
2938	AFGTF
2939	CECCG
2940	ATFTG
2941	CCAEE
2942	GATFC
2943	ECGTC
2944	AGCAF
2945	EGAEE
2946	GCGEC
2947	AETGG
2948	AECFT
2949	ACCFE
2950	CCACA
2951	CEEGE
2952	CAFFF
2953	EGFCA
2954	EGGEA
2955	FETTA
2956	ACTEG
2957	CTEEE
2958	CATFC
2959	AFAEC
2960	AGFAG
2961	ECECA
2962	AFFGC
2963	GFCGA
2964	ATACC
2965	CETAE
2966	FTCCA
2967	AAGFC
2968	CGEGA
2969	CEEFA
2970	CFGAC
2971	ECFCA
2972	TAEAA
2973	EACFE
2974	EEAGC
2975	CCTEG
2976	CGFAE
2977	ETTFA
2978	CGTCA
2979	FCEEC
2980	CFEEA
2981	CACFA
2982	ATCGE
2983	ETEEA
2984	EGCTC
2985	CGGGC
2986	ETEAA
2987	CTEGF
2988	CCFFC
2989	AFEGA
2990	AFCFF
2991	CECCF
2992	CAGCA
2993	CEEAE
2994	CFGCG
2995	EEEFE
2996	AGTFF
2997	CGATF
2998	AFTGA
2999	GTGGA
3000	ATEAE
3001	FCCAE
3002	ATGEE
3003	AAACC
3004	CAAEE
3005	GEFEC
3006	AGCEE
3007	EGTFC
3008	TAACA
3009	AFCEF
3010	CTATC
3011	AATCF
3012	GEEFA
3013	CEGTE
3014	TCCAA
3015	AECEF
3016	CTFEC
3017	CCTAE
3018	GTAAA
3019	AETTE
3020	FEFFC
3021	CEGTC
3022	EEECA
3023	AAEGG
3024	GTFAA
3025	EAEGC
3026	CCCTC
3027	ATCFF
3028	TEEAA
3029	CAGFG
3030	ECFEC
3031	FFTFA
3032	CEGTF
3033	EAGFA
3034	CFGAG
3035	ACAEF
3036	CGAEA
3037	CAGTC
3038	EATEC
3039	ECCEA
3040	AETTA
3041	AAAGA
3042	CETFF
3043	ACEFG
3044	CTFCE
3045	CGGCF
3046	AGCGC
3047	CAECE
3048	CATEE
3049	CTGEE
3050	CAEGC
3051	ETGTE
3052	CCECG
3053	CEAFA
3054	FACGE
3055	AEFFF
3056	CCCTA
3057	ETEGE
3058	EAEEE
3059	GGAGA
3060	CGAAE
3061	FGTTC
3062	EECAC
3063	FTCEC
3064	FGECC
3065	FFECE
3066	CFTGE
3067	AFAAA
3068	TEEFA
3069	FGFCA
3070	ACTTE
3071	AGAGE
3072	CGFAF
3073	CFTFF
3074	CEGCA
3075	EGAFE
3076	FAGEE
3077	GGGGA
3078	TFEAA
3079	AGTAF
3080	AFGEA
3081	FEACC
3082	EFFFE
3083	FFEAC
3084	AGCEF
3085	CAACG
3086	ACCAF
3087	AFAEE
3088	CEFTC
3089	CTGTC
3090	CFGEC
3091	EFGTA
3092	AGCEC
3093	ACTCG
3094	EECCC
3095	FAFTA
3096	ACGCA
3097	EGCTA
3098	FCFAA
3099	CEAFC
3100	CEACE
3101	CACAA
3102	CEGGC
3103	EGFAA
3104	FAAGE
3105	EGATA
3106	CAFCA
3107	CFGFE
3108	CCCAF
3109	ACEFA
3110	AGTTE
3111	CGAFF
3112	AAFFT
3113	FFGCA
3114	AETCT
3115	EGFTE
3116	AAFCE
3117	AEGAF
3118	EFAEE
3119	ETFGE
3120	GAGGC
3121	ETGAA
3122	CAGFC
3123	AEGTF
3124	CTFFC
3125	ACTGG
3126	AGGFC
3127	EAECA
3128	FTTFC
3129	TFAEA
3130	AFTTA
3131	ACTCF
3132	ATCFC
3133	EECFA
3134	EETGC
3135	CCTCF
3136	ACETG
3137	AEFAC
3138	FEGEE
3139	EECCF
3140	GFEAA
3141	AGTGA
3142	FFATC
3143	EEGFE
3144	EEGGC
3145	EETAC
3146	EFAGA
3147	AGCCE
3148	AACTE
3149	CCGEA
3150	ETAFE
3151	EFATA
3152	ECCAF
3153	ECAEE
3154	AAAEG
3155	CGEFA
3156	EGAFC
3157	FTATA
3158	FECCE
3159	ACCGG
3160	GAFCA
3161	FAFAA
3162	CCTGA
3163	CTEGA
3164	FGTAC
3165	AATEA
3166	EFAEC
3167	CCGCA
3168	ECCFF
3169	CFEEE
3170	AGEAC
3171	FEAGC
3172	AFETA
3173	GCECA
3174	AACFE
3175	GEGCA
3176	FGAAE
3177	AGTAG
3178	CCAEF
3179	GCGFC
3180	AACTF
3181	GEFCC
3182	FCTEC
3183	TEGAA
3184	CFFAG
3185	CCCFA
3186	ATETC
3187	EFFFC
3188	AFGAA
3189	ATFTE
3190	CEFEG
3191	TACFA
3192	CECAA
3193	CFEAC
3194	FAECC
3195	CECFF
3196	CEETF
3197	EGCFA
3198	CCEAC
3199	FFECA
3200	AECET
3201	ATAAG
3202	ECFTA
3203	CFCEA
3204	EGAAA
3205	EEFFC
3206	GFCCA
3207	ECCEC
3208	AGAFE
3209	ECFGA
3210	FTGAA
3211	FAEFA
3212	GCTGA
3213	EEEEF
3214	GAEFA
3215	ACEGC
3216	AAFFG
3217	ACTTF
3218	AFFCF
3219	AATGA
3220	ETTEA
3221	FGGEC
3222	EAAGC
3223	CATEA
3224	CFACA
3225	AFGEC
3226	ATGFE
3227	ETAGE
3228	AGFAF
3229	ACAGE
3230	CFCFA
3231	ATETF
3232	GFCTA
3233	ACGAA
3234	EATAC
3235	ATEAA
3236	AFFEC
3237	GTGEA
3238	FGACA
3239	CAFGG
3240	FTETC
3241	FTFAC
3242	TFCAA
3243	EATGA
3244	CGFFF
3245	EACGA
3246	ACFEG
3247	AATCE
3248	EEFFE
3249	AGACF
3250	CCAEA
3251	CFATA
3252	AEAGA
3253	AGEGA
3254	FCACE
3255	CAFEC
3256	AAECE
3257	CTFCC
3258	AETGA
3259	ATEGG
3260	EFFTC
3261	CAFAA
3262	ETCGE
3263	ATGFC
3264	AFEFC
3265	CAFCE
3266	CFCTC
3267	CFFGC
3268	FEFCC
3269	FCCCC
3270	EFFTA
3271	GFEGA
3272	FFFEA
3273	GGTCA
3274	CCTGF
3275	FTCTA
3276	ECCFA
3277	AECFE
3278	AATAG
3279	GFFAA
3280	GATCA
3281	CACTG
3282	GGGTA
3283	ATACG
3284	GGETA
3285	CGGGE
3286	GFTCC
3287	ACGFF
3288	CAAFF
3289	GETEA
3290	ECEGC
3291	AACAC
3292	CAGTF
3293	AACFF
3294	CACGA
3295	EFTTA
3296	CEECF
3297	GTFFA
3298	AAECT
3299	AGECT
3300	GFTCA
3301	ECGAA
3302	CFFFA
3303	AGECA
3304	GETAA
3305	ACCCF
3306	CTAGE
3307	FFFAA
3308	CEFAF
3309	EGFGA
3310	GFGFA
3311	FGFAA
3312	FAECA
3313	CEAFE
3314	CEFFE
3315	GEETA
3316	EEGEE
3317	FAGTA
3318	GACFA
3319	AFAAG
3320	FCGEC
3321	ECAAC
3322	AGCAC
3323	AGEEA
3324	EGFAF
3325	AAEFA
3326	CFETE
3327	EAGCE
3328	EAGEC
3329	CFCCC
3330	EATCC
3331	ACGTF
3332	EACFA
3333	AAFAG
3334	CGGTF
3335	CTGGA
3336	AEAGG
3337	GTCEA
3338	TEGEA
3339	EATEA
3340	FAGGE
3341	GEECA
3342	EFCEA
3343	AACFG
3344	CFETC
3345	ETFGA
3346	EAAEC
3347	FFAAE
3348	AFEAC
3349	AGAAE
3350	EACTE
3351	CCGTE
3352	FAEAE
3353	TCECA
3354	AGCFA
3355	FGFAE
3356	CECGC
3357	FCACC
3358	FAAFE
3359	AATCA
3360	CCETF
3361	ECGCE
3362	CECEF
3363	AATFG
3364	GAAFC
3365	AGAAC
3366	FEEGA
3367	AEATG
3368	AAGTG
3369	CAEFE
3370	FETCC
3371	FCTCC
3372	CTTTF
3373	ACTFA
3374	AEFEA
3375	AEGAC
3376	EECGE
3377	ACTCC
3378	CTFFA
3379	GTTAA
3380	EFTTE
3381	ACFAG
3382	CCGAA
3383	ETTCE
3384	CCFFE
3385	FCGFE
3386	FEGEA
3387	FATGE
3388	EEGGE
3389	ETEAF
3390	AFEGC
3391	CETAC
3392	ECECF
3393	TGCCA
3394	AFCEC
3395	AFCTG
3396	ACEEE
3397	CGGEA
3398	AEGCA
3399	CCFEA
3400	ETAAC
3401	AFCTA
3402	GGACC
3403	FETCA
3404	ATFTC
3405	FTEAC
3406	CETAF
3407	TAGFA
3408	EEGTC
3409	FCECA
3410	CEECE
3411	FCGAA
3412	AAEAT
3413	CEFCC
3414	ATCEG
3415	AFCAG
3416	ACGET
3417	ECETE
3418	FAAEC
3419	FCFEE
3420	CGEGC
3421	CFFGF
3422	ATGFA
3423	ETGAE
3424	CEGEA
3425	EAAGF
3426	FTGTC
3427	CGACF
3428	AETFG
3429	GCACC
3430	AFFFA
3431	CTFEE
3432	CACCG
3433	ATEFC
3434	TECFA
3435	AEEGG
3436	GCECC
3437	ACGGF
3438	EACEA
3439	CCCEF
3440	CTFGC
3441	EATTC
3442	CFFEC
3443	AAGET
3444	FTTCA
3445	CAAAG
3446	CEACF
3447	CEGCE
3448	EEACF
3449	EAFFE
3450	CTGAE
3451	ETETA
3452	ETFFC
3453	ECGCA
3454	CFGCA
3455	CGEEC
3456	TECEA
3457	EETGE
3458	AATGC
3459	ATTGF
3460	EECEC
3461	EECEE
3462	ETAAE
3463	EFFGA
3464	CFGGA
3465	ECTAA
3466	ECACA
3467	EEEFC
3468	FFGCE
3469	AAEAE
3470	ACFCT
3471	FATEC
3472	AFCGG
3473	ECCEE
3474	CEAEA
3475	CACEG
3476	CTEEA
3477	FFAAC
3478	FAGGA
3479	EEFEF
3480	EFAAE
3481	EATGC
3482	AECEE
3483	AEEAC
3484	CATAE
3485	ETFCA
3486	AFFGG
3487	ECEEA
3488	AFFFG
3489	TETEA
3490	ACEGG
3491	ETTAA
3492	CCEAE
3493	CTCTC
3494	ACETC
3495	EAGGA
3496	ECTTA
3497	EGCCE
3498	FATGC
3499	CCFCE
3500	AEGCT
3501	CFAAE
3502	AETTF
3503	GFCEC
3504	AFCGF
3505	AAGEE
3506	CECEE
3507	EFCGA
3508	GATTA
3509	CGACA
3510	FCCGC
3511	ETCAA
3512	GGGCA
3513	EAECF
3514	FTTAA
3515	TCFEA
3516	CECFC
3517	ATGTG
3518	EGFGE
3519	CFETF
3520	AEACE
3521	EGCEE
3522	FGEFA
3523	AFGEE
3524	TEAAA
3525	EAEFA
3526	EFTCA
3527	EGGTC
3528	FFACA
3529	EAAFC
3530	CFCFC
3531	EGCCF
3532	AGGAG
3533	CETAG
3534	GFATA
3535	EFGEE
3536	AAECG
3537	FCCEA
3538	FEAFC
3539	EGEAC
3540	EFCFA
3541	GGECA
3542	CAGGE
3543	ACTGC
3544	TCCEA
3545	AFTAF
3546	FECEE
3547	CCAEC
3548	GFCEA
3549	AGAFC
3550	CCEEC
3551	ACCET
3552	ECCAE
3553	CEGGF
3554	CCACF
3555	AETCC
3556	FAFGE
3557	AACCC
3558	EEFEC
3559	AEAGF
3560	CEECG
3561	EFFEA
3562	FEAAC
3563	FAAEE
3564	AFTTE
3565	CAFFC
3566	CFTFC
3567	ATFEG
3568	ECEAC
3569	GACCA
3570	EACCC
3571	ACEFC
3572	CACAE
3573	TFEEA
3574	FTTCC
3575	ACFEA
3576	AAEEF
3577	EATCE
3578	TTAAA
3579	ACTEF
3580	GFAGA
3581	ETGCC
3582	AAAAF
3583	ACCEA
3584	AAGAT
3585	AGTTF
3586	AGAGC
3587	FEEEE
3588	GCFEA
3589	FGFGC
3590	AGFGA
3591	FEEEC
3592	AGCAE
3593	FEAEA
3594	EECEA
3595	FCGGA
3596	CTGAC
3597	FCEGA
3598	CCGCE
3599	AFEAG
3600	AACTC
3601	AACTT
3602	FEFAA
3603	EACFC
3604	ATAGF
3605	GTGTA
3606	ATGFG
3607	CGAGF
3608	CTFFE
3609	AAAEF
3610	ATFAE
3611	CCTFC
3612	GCEGC
3613	AACEA
3614	EFCEE
3615	CTGTE
3616	EACGF
3617	CCFCA
3618	CATCC
3619	EGFTA
3620	CGCGE
3621	EEETE
3622	FATCE
3623	AAFFA
3624	AFCEG
3625	AGEFF
3626	AECEA
3627	CCAAC
3628	FFGTA
3629	CGGEE
3630	CCCFC
3631	EETCC
3632	AAEEE
3633	AGEGF
3634	CTAEE
3635	AGGCE
3636	AAAAA
3637	ACFFA
3638	FTEAE
3639	GGEAC
3640	CCFCF
3641	AFECE
3642	ACTAT
3643	AFFAG
3644	AEATC
3645	ETEFE
3646	CGFGF
3647	ACFTF
3648	AGFEE
3649	ACFFG
3650	GAAGA
3651	TECAA
3652	ATGAC
3653	AEGTC
3654	AGFAC
3655	CFFCF
3656	ATATA
3657	ETAFC
3658	ATEFA
3659	CATAC
3660	CGFEA
3661	AGGTC
3662	CACFC
3663	AAEAG
3664	EEETC
3665	EAAGA
3666	AEETE
3667	AAECC
3668	AGCCC
3669	FECEC
3670	AATEG
3671	ACFFF
3672	ETAEC
3673	FGTGA
3674	CFTFE
3675	FFTFC
3676	FACAC
3677	TCTAA
3678	ATCCA
3679	ATGTF
3680	CCCEE
3681	CFGTE
3682	CCGFA
3683	EECFF
3684	AFGTC
3685	EGCAF
3686	ACCCA
3687	AEFAG
3688	TATEA
3689	CAETA
3690	CAGFF
3691	ATFTF
3692	AGTGG
3693	ATGEG
3694	AAGGC
3695	CGAFC
3696	ECCCE
3697	TFTAA
3698	EAGFF
3699	CETGE
3700	CETCF
3701	FCEAC
3702	EEAAA
3703	FCCGE
3704	AEGGF
3705	CEGFA
3706	CTCCF
3707	AGAEE
3708	CGEGE
3709	CTTCF
3710	EAATC
3711	EFEEF
3712	CTEEF
3713	GAGGA
3714	CFACF
3715	TAGGA
3716	FFEEA
3717	EFGGE
3718	CCAAF
3719	AFFCT
3720	AAAET
3721	EFAGE
3722	CTCFC
3723	CEAGF
3724	FGCAC
3725	FCFFA
3726	EAFCF
3727	FFFCE
3728	FGCTA
3729	ACAGT
3730	FGFEA
3731	ATFCE
3732	CGGEF
3733	FFETC
3734	EFEFA
3735	FGACC
3736	CFFGE
3737	ATCFG
3738	AGETG
3739	EEFEE
3740	EAAEA
3741	CEGAC
3742	GCGFA
3743	AGCTF
3744	AEFGG
3745	AFEGE
3746	EGCGE
3747	AGGFF
3748	GCAFA
3749	AEEAA
3750	CCTAF
3751	FGFGA
3752	CAFTA
3753	CEFAE
3754	FEEFE
3755	FGGFA
3756	FGECA
3757	ECCFC
3758	EEGAF
3759	FTFFA
3760	AGCTE
3761	EAFGF
3762	GGACA
3763	CTAFE
3764	ATETA
3765	CTATA
3766	CETCA
3767	ACAAA
3768	FAETE
3769	AFCEE
3770	AAFAF
3771	FCTTC
3772	CFCGE
3773	ACCAT
3774	FGGCA
3775	GCCCA
3776	CECAG
3777	CCEGE
3778	GGATA
3779	TCFFA
3780	GCTEC
3781	FEGAA
3782	GETAC
3783	AFTGF
3784	GCTEA
3785	CGCAA
3786	EEGAC
3787	CTFAF
3788	CGAFE
3789	ACAFC
3790	EFAAF
3791	FCETC
3792	ETTCA
3793	FFTEA
3794	AECGA
3795	FGGAE
3796	ACFCE
3797	AGCEG
3798	ATFGA
3799	CGATC
3800	CCEEF
3801	CEGEC
3802	ACTAA
3803	EGEAE
3804	EFTEE
3805	ETCEE
3806	FEFEC
3807	EAGEA
3808	GACEA
3809	FTGFC
3810	CCTCA
3811	EGTGA
3812	CECCE
3813	FFFFA
3814	EAACF
3815	FFGFC
3816	AACCF
3817	CGTAC
3818	ATAFA
3819	CCACG
3820	ACEFT
3821	FAAAC
3822	FCTEA
3823	FFEEC
3824	FAATC
3825	AEFFE
3826	EECFC
3827	FACAA
3828	FFFAE
3829	TFGAA
3830	AFCCF
3831	CEATC
3832	CFFEF
3833	ECCTC
3834	EACTF
3835	FCGGC
3836	AGAEG
3837	CGCAE
3838	ACGEG
3839	CGGAG
3840	CAATC
3841	CACCC
3842	CFAEA
3843	ATTTC
3844	FFTGA
3845	EGEGA
3846	ACAFA
3847	CFFAE
3848	CCGCC
3849	FFCTC
3850	ECEEF
3851	CACCE
3852	ACCFT
3853	AAETG
3854	CCTAC
3855	GFAFA
3856	GCEAC
3857	TAEEA
3858	AFGFF
3859	AAFEE
3860	EAEAF
3861	CFAAA
3862	GETGA
3863	CEEGC
3864	ACFCF
3865	FTAGA
3866	CGTFA
3867	GCCFC
3868	ETCAF
3869	AACAG
3870	GAGEA
3871	CECTE
3872	EGETA
3873	AEEET
3874	TEAEA
3875	EFCFE
3876	FFFAC
3877	CGETF
3878	ECGEF
3879	CFCCF
3880	AETET
3881	AGTTG
3882	AACGA
3883	CTAAA
3884	GAGFA
3885	CFCAE
3886	CTCCA
3887	CFTTF
