0	CTCTA
1	GTAAC
2	GTEAA
3	ACCGG
4	AGAAC
5	CGAEG
6	EETEG
7	CTAGC
8	AETEA
9	AGGCE
10	TCEAA
11	CACEA
12	CAATE
13	ACCCA
14	GTCCA
15	ATATA
16	CGEAA
17	AGGEC
18	CGCGA
19	CTEAE
20	EGCAG
21	ATAAE
22	AEGCC
23	ETTEE
24	ECEGA
25	EATGE
26	ACCCC
27	EEATA
28	EAGGE
29	EAETA
30	CTTAA
31	EECAA
32	ETACE
33	CEGCE
34	AEECE
35	AATAE
36	AGAEC
37	ACGGT
38	EAGCE
39	AAEGT
40	GCEGE
41	CETCC
42	GETCA
43	GCAEE
44	EEAEE
45	CCTCE
46	TCCEA
47	EGCAE
48	AAAGT
49	CEGAG
50	CTCAC
51	GEGCC
52	ETCTE
53	CGACA
54	GGAEA
55	CAAAG
56	EAEEG
57	CTTEE
58	AECCA
59	EEETE
60	CACGA
61	GAEEE
62	AETCE
63	CTTTE
64	ECTEE
65	AEEGA
66	ECECC
67	CGTTG
68	AAGAG
69	AGATG
70	CTGTA
71	AGETE
72	TAEGA
73	AEAEC
74	AGCGG
75	ATTCA
76	CATEA
77	EEEAA
78	GTGTA
79	ETCGA
80	ACTCC
81	ATGTG
82	ECETA
83	EGECC
84	ATETG
85	CAACC
86	CAEAG
87	AEAEG
88	GTTCA
89	EEGCE
90	AAECC
91	EGCCA
92	ETGGE
93	AGEAE
94	GAGTA
95	AGGEA
96	ATCTA
97	CCGEG
98	GAAGE
99	CTGEE
100	CEAAG
101	EGGTE
102	AAGCA
103	AGCAT
104	EECCC
105	CAGGC
106	ETTCA
107	AEEAC
108	CGEGG
109	AEEET
110	AEGGA
111	CETAE
112	CGCEC
113	ACGAT
114	AATCA
115	CCCTE
116	AAGEG
117	CGTEA
118	ACCTA
119	CTACA
120	GAACE
121	GATGE
122	CCAEC
123	CATEC
124	AGETA
125	ATGAC
126	GTCAE
127	CETTC
128	AATEE
129	GATCA
130	AGECT
131	TETAA
132	CGGGE
133	CGAGG
134	AGGTE
135	CCTCA
136	AAAEG
137	CEEEA
138	CCTCC
139	GATEE
140	GEEEA
141	CTGEG
142	ACGGG
143	CAEEE
144	CCTAE
145	AAEEE
146	CACGE
147	CGCTC
148	GGAAE
149	GGCEA
150	ACACA
151	ACAAA
152	CTCEC
153	ACTTG
154	EATAA
155	ECCAC
156	EAECA
157	AEGET
158	CTECC
159	CCCGA
160	GCAAC
161	CACEE
162	ETECE
163	CGCAC
164	CGTGC
165	GCEEA
166	AGTTE
167	CGGTE
168	CACTG
169	EETEC
170	ECTAA
171	CCCEE
172	EAGEC
173	AATCC
174	AGACT
175	CETTA
176	ECAGA
177	TCEEA
178	EAGEA
179	EEGEC
180	ETETC
181	CATEE
182	AEGTC
183	CTAEA
184	EGGEE
185	CEECC
186	GACCC
187	EETTC
188	GTGGA
189	CGETE
190	ACAGE
191	ECGAE
192	AACAE
193	CTGAE
194	CCETC
195	GAGCC
196	CGCCE
197	CAAEG
198	TEEGA
199	ECTGA
200	ACGCG
201	CCCTA
202	AEAAC
203	CAECC
204	GTEGA
205	CTEEE
206	ATATG
207	ECGEE
208	CTCGG
209	ACACE
210	GAECA
211	ECTTE
212	ETGEC
213	ACCGC
214	ECCCC
215	GCGEC
216	CAAEC
217	CTTTA
218	ATGAG
219	AGTCE
220	ATGEG
221	ACEAG
222	GGEAC
223	EETGC
224	CCETA
225	ECEEA
226	CEGTE
227	EECEA
228	GGEEA
229	CEGGG
230	TAECA
231	ATCAE
232	EEECE
233	GGTAE
234	GAEGE
235	CGACC
236	AEGAG
237	GCTCA
238	AECCE
239	ETTCC
240	CATCC
241	ATATE
242	ACCCE
243	GAAGC
244	GTTGA
245	AAGET
246	AATAC
247	ETCAC
248	EGTGE
249	CCECG
250	EGAAC
251	GEETA
252	GACEC
253	EGCGA
254	CGATA
255	CAETG
256	CAATC
257	ATETE
258	CCAGG
259	ACECG
260	CTTGA
261	AGAEE
262	EAGEG
263	EEATC
264	AGETC
265	CTTEG
266	GEGCA
267	EGTEE
268	ECEGC
269	CGEEA
270	CCAEA
271	GEACA
272	GTEAC
273	CATCE
274	EECCE
275	GAEEC
276	EEAGA
277	GGCCA
278	CAEGC
279	AECTC
280	AGECA
281	ACTEA
282	ETECC
283	CGCGC
284	AACAG
285	CGECA
286	CATTG
287	AGGEE
288	AAEET
289	GCGCA
290	CGGTG
291	CAAEE
292	EGTAA
293	CETCE
294	EGECA
295	GGTCA
296	AAAAE
297	AEGCG
298	ACCGE
299	EGCAC
300	CAGTA
301	GCTTA
302	ATACG
303	CCCTG
304	EETEE
305	ACCTE
306	CCGAG
307	ECGCE
308	CEAEA
309	AGGGA
310	ATAAG
311	AGEET
312	CACEG
313	ECATE
314	AEGCA
315	TETEA
316	CACAA
317	ATGTE
318	EETTA
319	ECAGE
320	ECECE
321	AEEAE
322	AGCGE
323	TGACA
324	AAETA
325	EAGCC
326	EGTCE
327	GCTAE
328	AGAAE
329	CTGGA
330	AAGAE
331	ACGAA
332	TEEEA
333	ECTEC
334	GCGTA
335	GGGTA
336	ATTCC
337	AGAAA
338	CAGGE
339	EGGAE
340	AAECA
341	EEGTE
342	AGTCA
343	EAEAE
344	EGTTE
345	CGEGE
346	CGGGC
347	GCCTA
348	AGAGG
349	CCEAG
350	ACTTE
351	GCECA
352	CAECA
353	GTCTA
354	ECEEC
355	ATCEG
356	CTGEC
357	ETEAA
358	CACGG
359	AAGAC
360	CGTCE
361	GAGGE
362	GECAA
363	ACGGA
364	ECCAA
365	ATGAE
366	GEAEE
367	CCETE
368	AGEAG
369	GGGCA
370	GCAAA
371	ATGGE
372	CCCAA
373	GACEA
374	ECGEC
375	CCCTC
376	TACAA
377	TEAEA
378	CETTE
379	EAGGC
380	CTEGG
381	CECAA
382	ACCEE
383	CTAAE
384	EETGE
385	CCCEG
386	EAGEE
387	AECGE
388	EACAA
389	CGTGE
390	EEGAC
391	AGETG
392	ACTCA
393	AECCT
394	EGGTC
395	ATGCC
396	CCTEG
397	ACEAT
398	TCCAA
399	GEEAA
400	EATCA
401	AATAT
402	GAGAA
403	ACGGE
404	CCCGG
405	EGCEG
406	GEECC
407	ACAGG
408	AGEAC
409	ECCGA
410	ACGEG
411	ATTEE
412	GEGCE
413	CATEG
414	CTAGA
415	CGTTC
416	GAACA
417	CCAAE
418	ECTGC
419	CTGAC
420	EAACA
421	EECCA
422	CGAGC
423	CGCCG
424	TCAEA
425	ETTGA
426	CEEGA
427	GGECC
428	CGCTE
429	GACCA
430	AEGTE
431	ETCGC
432	EETAE
433	AEATA
434	CGEAC
435	AGTAT
436	EAECC
437	CAGTE
438	ECCTC
439	ETETA
440	ECACE
441	CTEEC
442	ACAAE
443	GTAAE
444	GGAEE
445	CEAGA
446	CAAEA
447	CEGEA
448	CEGTG
449	ACAEC
450	GAGCA
451	CTAEC
452	GCAGA
453	GATGC
454	GAETA
455	CGCAE
456	ECGTE
457	ATCAT
458	CTCAE
459	ATTGG
460	GEGEA
461	EATEC
462	TACCA
463	TEGEA
464	ACGCA
465	ACCAA
466	CGEGC
467	GCEAA
468	CEGGC
469	GTCAC
470	EAAGA
471	AGGEG
472	EGEAC
473	AETAA
474	AEAGA
475	ATAAC
476	EGGAC
477	EATAE
478	CGEAG
479	CTCCE
480	ATCEC
481	ATAEE
482	GEAAA
483	TEECA
484	CGCGG
485	AGACE
486	GTTTA
487	CCTTG
488	CGCCA
489	TCECA
490	AETTG
491	GCTCC
492	EEGGE
493	GAGGC
494	AGGTG
495	AETAT
496	GGGAC
497	AACTT
498	GEEGC
499	GATGA
500	GTAGA
501	GATTA
502	EEGTC
503	ATTCE
504	CTTTC
505	CTGGC
506	CTAGG
507	TTAAA
508	ATEGA
509	AEEEA
510	GCGEE
511	ATAGG
512	AATEA
513	ATCCG
514	EEGGC
515	GETEA
516	GATCE
517	CCTAG
518	AEEGC
519	GGAAC
520	ECTCE
521	TACTA
522	AGGGE
523	CGTGG
524	CCAAC
525	EAAEC
526	CEEAA
527	CEACG
528	CGEEC
529	CCCEA
530	GCTGA
531	ECCTE
532	AATEG
533	AGATE
534	CCECC
535	EGAAE
536	CTATE
537	ECEGE
538	AETEE
539	ATACE
540	ETAAC
541	CGAEC
542	CTEAA
543	ATTTG
544	ATAAA
545	CAETC
546	ETTTE
547	EACGA
548	AGECG
549	CAACG
550	AETET
551	ACCCG
552	ATCGA
553	EGCCE
554	CAAAC
555	AGEGC
556	CACAG
557	CTGAG
558	GETAE
559	CECGA
560	ECGCC
561	TGCCA
562	EEGEA
563	AGECC
564	ETECA
565	CGGTA
566	AGTEA
567	EGTEA
568	AAGGE
569	TAACA
570	CETAA
571	ETTCE
572	GGECA
573	AGGAE
574	ECGAA
575	AETGA
576	AECAT
577	EEGAA
578	GGEEE
579	CEGAC
580	CAGTG
581	EGCTE
582	CGECC
583	ETGAC
584	TAGCA
585	ACCTG
586	CCAAG
587	AGTGA
588	AGTTA
589	CTTGE
590	AGCTG
591	CGGGA
592	EEEGE
593	AACET
594	GEGTA
595	GAAEE
596	ACAAT
597	EGTTC
598	GTCGA
599	GGAGA
600	AEETE
601	TGCAA
602	CTTCA
603	CCCAE
604	EGATE
605	AAECT
606	ETAEA
607	AECCC
608	CCAGC
609	CAGCE
610	ECCGC
611	TATEA
612	CGTTE
613	EEEEG
614	AATGG
615	CAAAE
616	AAGEE
617	AGCAG
618	ACGTC
619	CCCAC
620	GCCAE
621	ECATC
622	GAEAC
623	AATAA
624	AECAE
625	CGETA
626	ETCGE
627	ACAAC
628	GATEA
629	ACCEG
630	CGTEC
631	GCATA
632	GACTE
633	EAGAC
634	AAGCT
635	ECGGE
636	AEEAG
637	CEGTA
638	ACCAT
639	CAATG
640	ACATG
641	GAEEA
642	EEEGC
643	ETATA
644	CTEEA
645	CGTCC
646	AGCCT
647	AAAAT
648	CATTE
649	ATTEC
650	ECACC
651	CCGCA
652	ETACC
653	GACAA
654	ATGCG
655	AAETG
656	AEETG
657	CCGTG
658	ATCCC
659	CGGCA
660	EACTE
661	EGACA
662	CAEEA
663	EGTAE
664	CAGAC
665	EEEAC
666	AAGGT
667	ATEEA
668	CEEGC
669	EAGGA
670	CGTTA
671	CEEEC
672	GCCEA
673	CAGCA
674	ETEAC
675	CTGAA
676	CCTGE
677	ECCEG
678	CTGTG
679	ACTAC
680	AECEC
681	ETTGC
682	TAGAA
683	AAAEE
684	TAETA
685	GGGAE
686	EGAAG
687	ATCCA
688	AGATC
689	CTTCE
690	CCECA
691	GCACE
692	GCAAE
693	EAEAA
694	CEEEE
695	GCCAC
696	AATTG
697	GTAEA
698	CAETE
699	AGCAE
700	CATGC
701	CCATC
702	EGGCC
703	GAGGA
704	GATCC
705	GGETA
706	CCGGG
707	EGAEG
708	EAGTE
709	CTEAG
710	CAEGG
711	CGEGA
712	AEGAC
713	ETTAE
714	CAACA
715	GECGA
716	CEEGE
717	ETCCE
718	GCACC
719	ACTGT
720	GETAC
721	EGCCC
722	AGCEC
723	ATAGA
724	CGCAA
725	GEGEC
726	ETGCA
727	CAGAA
728	CEGCC
729	ACCAC
730	AAEAT
731	GGCCC
732	AGECE
733	CEGGE
734	AGGGC
735	ACEEC
736	AACAT
737	CEACA
738	ETEGE
739	ETETE
740	EATEA
741	CEATA
742	GCCCE
743	AACGT
744	CAEGA
745	AECGA
746	ATGGC
747	GAGCE
748	ECEEE
749	ECECA
750	ATTEG
751	CETCA
752	TCCGA
753	GEACC
754	GEEGE
755	GTCEA
756	AECGG
757	ATEAA
758	AAACT
759	AACEC
760	ACEAA
761	AETEC
762	GEAGA
763	EAAAC
764	GTGEA
765	GEEGA
766	GAAAC
767	ECCGE
768	ECTEG
769	AGEGE
770	TGEEA
771	ECGCA
772	CGAAA
773	ATCGC
774	AECAG
775	ACTET
776	ATCEE
777	GECCC
778	CGGAC
779	GEAAC
780	CACGC
781	EGGEC
782	CTATG
783	AAAAA
784	ECTCC
785	AEAET
786	ATACC
787	AGCTE
788	EGGGE
789	EEGGA
790	CGGTC
791	CTGGE
792	ATCCE
793	CTCCC
794	TEEAA
795	CAACE
796	TGTAA
797	AETCG
798	CGCCC
799	GCTAA
800	ETATE
801	ACGTA
802	CCCGC
803	ECGEA
804	CTETE
805	GAEAE
806	GEEEC
807	TAGGA
808	CCCAG
809	CCAAA
810	CGETC
811	GETAA
812	EEEEE
813	TATCA
814	CAGCG
815	GCEAE
816	ETGTC
817	ACGET
818	AAACC
819	ETGGA
820	EGEGA
821	ATGEC
822	ETACA
823	GAAAE
824	TEGCA
825	ATTGA
826	GTGAA
827	CETEA
828	AEECT
829	EAGAE
830	CCCEC
831	ECCEE
832	AAATT
833	ETCEC
834	AAAEC
835	CAEEC
836	EGGCE
837	GGCAC
838	CGTCA
839	CGECE
840	ACAEA
841	ETCCC
842	CCGGC
843	ATAEA
844	TAAGA
845	AGTCG
846	GGEAE
847	AGTTC
848	GCGGA
849	CTTCC
850	CTTGC
851	ETGAE
852	ACCTC
853	GEEAC
854	AGCCC
855	ATGEE
856	EGGEA
857	EGTAC
858	ATECG
859	ECATA
860	EGATC
861	AEAAE
862	AETGE
863	EECTA
864	EETAA
865	ETGEE
866	AGATA
867	ACATE
868	GGCAA
869	ACETE
870	ATCEA
871	CEECE
872	TAATA
873	EACTC
874	CCTGG
875	AAEGA
876	AETAC
877	GCCGE
878	CEGTC
879	GETGA
880	ECGGC
881	ETCAA
882	EGTTA
883	CGTAA
884	CTAGE
885	EGCTC
886	CGGCC
887	ETAEC
888	CCAGE
889	GGCTA
890	ATTAA
891	TCGAA
892	CTTAE
893	ACACC
894	CACAE
895	ETTGE
896	GEGAE
897	AEETC
898	CGCEA
899	GACAC
900	ATGCA
901	CECCG
902	GEEEE
903	AEGTG
904	GATAC
905	CAGEC
906	CGGEG
907	GGCEC
908	ATEAC
909	EEGEE
910	AATET
911	GCTAC
912	ACCEA
913	AEGEA
914	ECAAC
915	ETTAA
916	GEGAA
917	AATGC
918	AAGGA
919	AECAA
920	GCCCC
921	GCETA
922	CEEEG
923	CCGTE
924	EEACC
925	ATTGC
926	EGTCA
927	GACCE
928	CEEAE
929	ETTTC
930	ATGTC
931	EACGE
932	CTCAA
933	CCATA
934	GATAE
935	EAATE
936	AETTA
937	EECEG
938	AAAGA
939	GGTTA
940	TCEGA
941	CTAAC
942	CEGCG
943	CTCGC
944	AETAE
945	GAATE
946	CECEA
947	CGAGA
948	CCGEE
949	TECAA
950	CAGAG
951	CEACC
952	ACGCE
953	EGEAA
954	ATCTC
955	CGGAA
956	ATEEE
957	EEGCC
958	AGGAA
959	GCCEC
960	CATGG
961	CTCTC
962	CCACA
963	CGAAC
964	CCEGA
965	ACGCT
966	ECAEA
967	TCGGA
968	ACGTG
969	CECGC
970	AEEEE
971	EGGCA
972	ETCTC
973	ACTTA
974	EATCE
975	TAGEA
976	ETGAA
977	GECEC
978	GACAE
979	ETGEA
980	EAAEG
981	ACTAE
982	GCECE
983	ACGEC
984	ATCGE
985	ETEEE
986	AACEG
987	EGCEC
988	GCCAA
989	AAEAG
990	CEAGC
991	GAEGA
992	EAACC
993	CEECA
994	CGGEC
995	ACACT
996	CATAA
997	EAECE
998	CECCE
999	AGTAA
1000	AGTGC
1001	TAAEA
1002	GCGEA
1003	TCTAA
1004	CCGAA
1005	EAAAE
1006	EEEEC
1007	GCGGC
1008	ECEEG
1009	AAAAG
1010	AECGC
1011	AAATE
1012	ACTGE
1013	CECTC
1014	GAATA
1015	ACTEG
1016	ATGGG
1017	CEETE
1018	ATAGC
1019	AAGGG
1020	CCTTC
1021	GCGAC
1022	EGTGC
1023	EGAEE
1024	CTTAC
1025	GGCGA
1026	ECGTC
1027	AGEAT
1028	CGTAC
1029	ECTCA
1030	AGCCA
1031	GETEE
1032	AACEA
1033	CECTA
1034	EEETC
1035	AGTAC
1036	TGAEA
1037	EGEEA
1038	GTACA
1039	ACCAE
1040	CGAEE
1041	ACAAG
1042	GAGEA
1043	GAAAA
1044	CEAGE
1045	ECTAC
1046	EAGTC
1047	AEECG
1048	ACAGA
1049	AGTAE
1050	GECEA
1051	TGECA
1052	ACECC
1053	GEECE
1054	ATTTC
1055	EGAGA
1056	AEAEA
1057	EGGAG
1058	AACCG
1059	CEGEG
1060	CGGCE
1061	AAECE
1062	CTAAG
1063	AGCGA
1064	CCCCC
1065	AECTG
1066	ACTGG
1067	GGECE
1068	CETEG
1069	EGETE
1070	CTETC
1071	CATTA
1072	GEAEC
1073	AAGEA
1074	AAACE
1075	GEGEE
1076	ACGAE
1077	EAAEA
1078	ATTAC
1079	ACTGA
1080	EAAGE
1081	GECAC
1082	CCEEC
1083	AAEAE
1084	AAGTA
1085	ACEGG
1086	GAAGA
1087	TCGEA
1088	CCTEE
1089	ETGCC
1090	EECAC
1091	ETTAC
1092	ECCTA
1093	GCEAC
1094	CETGC
1095	TACGA
1096	GEAAE
1097	TGAAA
1098	ETCCA
1099	ETCEE
1100	GTCAA
1101	AGCTC
1102	AAGAA
1103	AETCT
1104	EATEG
1105	AGEEE
1106	EGACE
1107	AAAET
1108	GGACC
1109	TCGCA
1110	AEAGE
1111	GTEAE
1112	CGECG
1113	ATTEA
1114	CGCEE
1115	EACCE
1116	EETCC
1117	CCAEE
1118	AAEGC
1119	AGAAT
1120	ATGEA
1121	CEAAA
1122	CECGE
1123	CECAG
1124	AACCC
1125	AACTE
1126	EGEEC
1127	ACETC
1128	ATAEC
1129	EACAC
1130	ACEEG
1131	EAGAA
1132	AGACG
1133	AEGGG
1134	AEATG
1135	ETGTA
1136	CEATC
1137	CCCCG
1138	GEEAE
1139	ECGGA
1140	EECTC
1141	GCCCA
1142	AAACA
1143	ATTCG
1144	CCTGA
1145	AEACG
1146	CETAG
1147	GGAAA
1148	GAAEA
1149	AGEGG
1150	AETTC
1151	CECCA
1152	AETGC
1153	AEEEC
1154	TECCA
1155	ACTAT
1156	CCCCE
1157	AATGE
1158	EAGTA
1159	CAGGG
1160	CCTGC
1161	ATCAC
1162	GGTAA
1163	ATEAE
1164	GGACA
1165	AEGEC
1166	CGEAE
1167	AAAGG
1168	GAATC
1169	CATGE
1170	ATEGC
1171	AAGTC
1172	ETGTE
1173	AEACC
1174	TETCA
1175	AGACC
1176	EGETC
1177	AGAGA
1178	TCTEA
1179	GGCEE
1180	CGAAE
1181	AAGGC
1182	GECEE
1183	ACCEC
1184	AAATG
1185	ETEAE
1186	CGGEA
1187	EACTA
1188	ACGTE
1189	AGEEC
1190	EACEA
1191	AETTE
1192	ATCTE
1193	CEATE
1194	AGTEC
1195	ATTTE
1196	EEEGA
1197	ETAAA
1198	GCACA
1199	CEEGG
1200	CAETA
1201	EGEAE
1202	EEGCA
1203	CGTEG
1204	EGTEC
1205	AECAC
1206	ATCGG
1207	EGGTA
1208	AAAEA
1209	AGCAA
1210	CECCC
1211	ACGEE
1212	GCGAA
1213	GEACE
1214	CTEGC
1215	CCEGC
1216	AACCA
1217	CGCTG
1218	EAAGC
1219	GCECC
1220	CCTEA
1221	CTEGE
1222	AEGEE
1223	CEACE
1224	ACTTC
1225	AATCE
1226	CAEAA
1227	ETCTA
1228	EATEE
1229	CEGEC
1230	GATAA
1231	AEATC
1232	GCTGC
1233	ECEAE
1234	ECAAA
1235	ATEEC
1236	GEATA
1237	GGAEC
1238	EGAEC
1239	AGEEG
1240	CTCEA
1241	CACCA
1242	AAEEC
1243	TCAGA
1244	AAGCG
1245	GCTEE
1246	AEAGC
1247	AEEGE
1248	ATTGE
1249	CCGGE
1250	CTCTE
1251	EEGEG
1252	CAGEA
1253	CCTTE
1254	ETEEC
1255	CAAAA
1256	AAGEC
1257	EGCEE
1258	EEAEA
1259	GCCEE
1260	EEACE
1261	GGCAE
1262	CCACC
1263	CTEAC
1264	GGGAA
1265	ECTTC
1266	CEGAE
1267	ACECA
1268	GGGEA
1269	EATTA
1270	ECAEG
1271	GTATA
1272	AEGAA
1273	GGTGA
1274	GECCE
1275	AAETT
1276	CEAEG
1277	EEEEA
1278	CGATG
1279	AGCEA
1280	ETEGA
1281	CETEE
1282	EGEGE
1283	ETAGC
1284	CCAEG
1285	CEGEE
1286	GCEEE
1287	ACAGT
1288	ACTAG
1289	ATACA
1290	AEEEG
1291	ACEEA
1292	CCECE
1293	TECEA
1294	CEGGA
1295	AGGCG
1296	GAEGC
1297	ACTGC
1298	CATAC
1299	EECGA
1300	AACTG
1301	ATTAE
1302	EAEEA
1303	CCAGA
1304	TEACA
1305	CATTC
1306	CECEG
1307	ECGTA
1308	CGCGE
1309	AEGAE
1310	GETEC
1311	AAEGE
1312	AECEA
1313	ECCEA
1314	AEEGT
1315	ACECT
1316	AGAEG
1317	ACGAC
1318	CCEGE
1319	CTTGG
1320	CATAE
1321	GGTAC
1322	AACGA
1323	TGGAA
1324	ACEAC
1325	GEAEA
1326	ATECA
1327	AGCTA
1328	AGEGA
1329	AGAET
1330	CCGAE
1331	AGTTG
1332	CATGA
1333	EAEGC
1334	AGGCA
1335	GGATA
1336	EEETA
1337	AGCAC
1338	AETAG
1339	CAGCC
1340	AECTE
1341	CAATA
1342	TCTGA
1343	AACCE
1344	GCAGC
1345	AATEC
1346	AECEG
1347	EGACC
1348	TGCEA
1349	AATCT
1350	EGTAG
1351	CEETC
1352	EGGGA
1353	ETTTA
1354	GAGEC
1355	AAACG
1356	CTCGE
1357	CTGGG
1358	CGCEG
1359	AEAAG
1360	GECAE
1361	ACACG
1362	CACTA
1363	ETATC
1364	TAEEA
1365	EGEEE
1366	CCEEA
1367	AAGAT
1368	CAEGE
1369	EAEAC
1370	ACEGE
1371	AEACE
1372	CTGTE
1373	EEEAE
1374	AATTA
1375	ETAGE
1376	AEGGE
1377	ETGCE
1378	EETCE
1379	CGGEE
1380	GAEAA
1381	ECAGC
1382	CCTEC
1383	ATCAG
1384	CCGEA
1385	ACEGC
1386	ACEGT
1387	GAGEE
1388	GAGAC
1389	EACEG
1390	GGEEC
1391	AAAAC
1392	GAAEC
1393	TCACA
1394	EECEC
1395	ECTGE
1396	ECGEG
1397	ACECE
1398	ETTEC
1399	CTGCA
1400	CEECG
1401	EAGCA
1402	AGAAG
1403	CEAAE
1404	EECAE
1405	AGGTA
1406	GACTC
1407	EEATE
1408	GACEE
1409	CTEGA
1410	AGACA
1411	AECCG
1412	EGTCC
1413	AEGCE
1414	EGETA
1415	AACGE
1416	EAEGA
1417	AATCG
1418	ATCAA
1419	TEGAA
1420	CCEEG
1421	CATCA
1422	CATCG
1423	CECEE
1424	EEECA
1425	ETCAE
1426	GCGCC
1427	ETEEA
1428	AAEAC
1429	TACEA
1430	AACAA
1431	ACAET
1432	ECTEA
1433	GCAEC
1434	ACGEA
1435	AEAGG
1436	EEAAC
1437	CAEAC
1438	EGAGC
1439	CETEC
1440	CGACE
1441	CAAGE
1442	CGTEE
1443	EATTC
1444	CEETA
1445	ACTAA
1446	EGCAA
1447	AEAAA
1448	CGGAE
1449	ACEET
1450	ACTCG
1451	EATGA
1452	ATAAT
1453	CECAC
1454	CGCAG
1455	ATEAT
1456	AAATA
1457	AGAGC
1458	AGCET
1459	GCTEC
1460	EGCTA
1461	GECCA
1462	GEGGA
1463	EAATA
1464	ACTEC
1465	AAAGE
1466	AGEAA
1467	AATTC
1468	CACAC
1469	ACCGT
1470	GATEC
1471	EAETE
1472	CTCEG
1473	AEEAT
1474	CEGAA
1475	ECETE
1476	AACTA
1477	ACCAG
1478	CGTAE
1479	GGCCE
1480	AGCGC
1481	EGCGC
1482	ECGAC
1483	AEECA
1484	CTTAG
1485	EECTE
1486	ACTCE
1487	AGGGG
1488	CCCCA
1489	CGGAG
1490	CACEC
1491	AECET
1492	EEAAA
1493	CACCE
1494	CCACE
1495	CTETA
1496	CCATG
1497	CCGTA
1498	ECAEE
1499	GGACE
1500	ETAGA
1501	AEGTA
1502	CCEAE
1503	CTACE
1504	AETCA
1505	CGTAG
1506	GCTCE
1507	CTTTG
1508	CETCG
1509	ACATA
1510	ATAEG
1511	CACCC
1512	EGEEG
1513	ACETA
1514	GTTAA
1515	ATECC
1516	GAECE
1517	CCTCG
1518	CETGA
1519	AAGTE
1520	ACCCT
1521	AGTGG
1522	ATGCE
1523	AAGCC
1524	CEEAG
1525	AACEE
1526	CTATC
1527	ECCCE
1528	GGTEA
1529	CCGCE
1530	GACGC
1531	AGTCC
1532	AEAAT
1533	GCCGC
1534	CAAGA
1535	GCEGA
1536	AEAEE
1537	CAGEE
1538	EEAEG
1539	ACEAE
1540	AGCCG
1541	ACGCC
1542	AACGC
1543	GETCE
1544	CTECE
1545	AGEEA
1546	GTEEA
1547	CCGCG
1548	EECGE
1549	CCTAA
1550	ETCEA
1551	TCTCA
1552	AAEEA
1553	AEECC
1554	GTETA
1555	ECCAE
1556	EEAGC
1557	CGEEE
1558	CCCGE
1559	AGTEG
1560	AGCEG
1561	AECTA
1562	CCGAC
1563	AECEE
1564	AETCC
1565	AETEG
1566	CGAGE
1567	CTTEA
1568	AAEGG
1569	EGGGC
1570	GTGCA
1571	AEGEG
1572	ACAEE
1573	EECEE
1574	GACGE
1575	ATETC
1576	ETEGC
1577	GCEEC
1578	GEECA
1579	EAEEC
1580	CEEAC
1581	CAECG
1582	CEAEE
1583	EAEGE
1584	ACETG
1585	CGAAG
1586	CTGTC
1587	ACGAG
1588	AAETC
1589	CACTC
1590	CTAEE
1591	GCAGE
1592	EACCA
1593	GGEGA
1594	EGAEA
1595	EACGC
1596	EEAEC
1597	GAETE
1598	GAGAE
1599	EGGAA
1600	EEGTA
1601	GACTA
1602	CTAEG
1603	AGAGE
1604	AACAC
1605	TTEAA
1606	CTCCA
1607	EACAE
1608	EATCC
1609	AATTE
1610	AGTEE
1611	AEEGG
1612	CTCEE
1613	EETCA
1614	EGAGE
1615	EATTE
1616	EAAAA
1617	EAATC
1618	ACTCT
1619	CCGEC
1620	ETTEA
1621	EAETC
1622	ACEGA
1623	AACCT
1624	AGGAG
1625	TCAAA
1626	ACTEE
1627	GTTEA
1628	ECEAA
1629	ETGGC
1630	EETTE
1631	CAGGA
1632	AATGA
1633	CECAE
1634	EAEEE
1635	TAEAA
1636	CATAG
1637	EACCC
1638	EACEE
1639	AEETA
1640	CTCGA
1641	ATEEG
1642	GCAEA
1643	EGECE
1644	CTGCC
1645	CETAC
1646	EETAC
1647	GCGCE
1648	CCGGA
1649	CCEAC
1650	GEGAC
1651	CEAAC
1652	AAAGC
1653	CAEAE
1654	AEEAA
1655	TAAAA
1656	EEGAE
1657	EEACA
1658	TCCCA
1659	ECAAE
1660	EEAAE
1661	EGCEA
1662	ATATC
1663	TATAA
1664	AACTC
1665	GTECA
1666	CCEEE
1667	GAACC
1668	GGGGA
1669	EETGA
1670	AAATC
1671	ECACA
1672	ETAEE
1673	EAAEE
1674	CCEAA
1675	EGCGE
1676	ATTAG
1677	ATTTA
1678	AETGG
1679	AGGTC
1680	ECEAC
1681	EGTGA
1682	CECEC
1683	AATAG
1684	ECCEC
1685	CAGAE
1686	CCGTC
1687	TATGA
1688	CTCTG
1689	AEGGC
1690	ATECE
1691	AGTAG
1692	AAEAA
1693	GETCC
1694	ECTTA
1695	ATEGG
1696	EGEGC
1697	CGATE
1698	ATGTA
1699	EGATA
1700	ECCCA
1701	EEAGE
1702	CTACC
1703	AGCEE
1704	CGCTA
1705	ACATC
1706	CCTTA
1707	CTCAG
1708	ECTAE
1709	CAGEG
1710	AGTGE
1711	CAGTC
1712	ACGGC
1713	AACGG
1714	CGATC
1715	CCACG
1716	AEGCT
1717	ECETC
1718	ATETA
1719	CGGGG
1720	EATAC
1721	EETEA
1722	AGGAC
1723	CCGCC
1724	EACEC
1725	CTGCE
1726	CGEEG
1727	TGEAA
1728	GACGA
1729	CGTGA
1730	GAECC
1731	EAACE
1732	CCEGG
1733	ACAGC
1734	AAECG
1735	AAETE
1736	EATGC
1737	CEAEC
1738	CEGCA
1739	ACCGA
1740	CGACG
1741	CACCG
1742	GCTEA
1743	CTECA
1744	ATAGE
1745	CECTE
1746	CAAGG
1747	CGAEA
1748	ACAEG
1749	CTATA
1750	AATGT
1751	EGAAA
1752	CAECE
1753	CCTAC
1754	AGCCE
1755	ACEEE
1756	GGEAA
1757	EECGC
1758	GETTA
1759	AEACT
1760	AAEEG
1761	AAGCE
1762	TEAAA
1763	AGGAT
1764	ATGAA
1765	ATEAG
1766	GAETC
1767	CACTE
1768	CCATE
1769	GCCGA
1770	EEECC
1771	AGGCC
1772	GTAAA
1773	TTCAA
1774	ECAEC
1775	AAGTG
1776	ATGGA
1777	CTEEG
1778	ETAAE
1779	ATEGE
1780	CETGE
1781	GECTA
1782	CAAGC
1783	CTTEC
1784	CAEEG
1785	GCEGC
1786	CTGEA
1787	AEACA
1788	ATCTG
1789	AEGAT
1790	CTAAA
1791	AGAEA
1792	ACCET
1793	AEATE
1794	GCGAE
